arm,seed,apoptosis_factor,frame,time_min,time_days,population,n_live,n_dead,centroid_x,centroid_y,radius_of_gyration,min_oxygen_mmHg
co_mixed,20260907,10.0,0,0.0,0.0,IDHmut_TP53mut,100,0,3.362195000000001,0.39543300000000003,35.83148571563404,38.0
co_mixed,20260907,10.0,0,0.0,0.0,IDHmut_TP53wt,100,0,2.0577040000000006,-4.816306,32.79986457934161,38.0
co_mixed,20260907,10.0,1,360.0,0.25,IDHmut_TP53mut,101,0,4.020774221467631,2.5460354312860844,87.24376913284506,17.544379817298488
co_mixed,20260907,10.0,1,360.0,0.25,IDHmut_TP53wt,100,4,5.2350623530627,-8.000991389884026,77.96313579348053,17.544379817298488
co_mixed,20260907,10.0,2,720.0,0.5,IDHmut_TP53mut,103,0,3.6597096939418856,1.667676947279381,90.97009838096852,17.606223750729942
co_mixed,20260907,10.0,2,720.0,0.5,IDHmut_TP53wt,108,3,5.719983263865254,-8.896416734379356,82.80852939406124,17.606223750729942
co_mixed,20260907,10.0,3,1080.0,0.75,IDHmut_TP53mut,111,0,2.892227350408291,2.715293123092352,92.53591858038433,17.604104424231384
co_mixed,20260907,10.0,3,1080.0,0.75,IDHmut_TP53wt,107,8,3.1986516050526217,-11.172895871038092,84.43841224157188,17.604104424231384
co_mixed,20260907,10.0,4,1440.0,1.0,IDHmut_TP53mut,119,1,4.097387296118114,5.296477890655493,95.27380830932725,17.020863941232683
co_mixed,20260907,10.0,4,1440.0,1.0,IDHmut_TP53wt,111,3,3.2545115360855594,-11.718991273657299,86.5751614951352,17.020863941232683
co_mixed,20260907,10.0,5,1800.0,1.25,IDHmut_TP53mut,128,0,3.4372688639203446,4.102193457510825,97.46694164229842,16.61524519078951
co_mixed,20260907,10.0,5,1800.0,1.25,IDHmut_TP53wt,115,1,2.233576531483563,-9.354376343124846,89.77717850841843,16.61524519078951
co_mixed,20260907,10.0,6,2160.0,1.5,IDHmut_TP53mut,137,0,3.8321742345260157,5.94651017871826,99.45893375713774,16.365774145585082
co_mixed,20260907,10.0,6,2160.0,1.5,IDHmut_TP53wt,118,5,3.33926972832915,-8.895037010653065,93.81678811359659,16.365774145585082
co_mixed,20260907,10.0,7,2520.0,1.75,IDHmut_TP53mut,145,0,2.737713840336971,4.128313861282103,102.20509819916563,16.170034194333947
co_mixed,20260907,10.0,7,2520.0,1.75,IDHmut_TP53wt,122,5,3.96999154571579,-9.2471709235152,96.70951877471026,16.170034194333947
co_mixed,20260907,10.0,8,2880.0,2.0,IDHmut_TP53mut,154,0,0.7214862378630206,2.130699927259151,104.29941103843652,15.743225984923702
co_mixed,20260907,10.0,8,2880.0,2.0,IDHmut_TP53wt,130,3,4.914612899249899,-5.398459852191882,98.76192629338144,15.743225984923702
co_mixed,20260907,10.0,9,3240.0,2.25,IDHmut_TP53mut,161,0,-0.7321225493934475,4.332011413019296,106.9780118442621,15.658145934094984
co_mixed,20260907,10.0,9,3240.0,2.25,IDHmut_TP53wt,129,8,6.615655563884016,-6.821691766952407,100.63174471995224,15.658145934094984
co_mixed,20260907,10.0,10,3600.0,2.5,IDHmut_TP53mut,170,1,1.3296254227739301,5.116731669660008,108.963544375764,15.383949500289432
co_mixed,20260907,10.0,10,3600.0,2.5,IDHmut_TP53wt,135,2,5.977135966894853,-7.46371952786611,102.50757633963912,15.383949500289432
co_mixed,20260907,10.0,11,3960.0,2.75,IDHmut_TP53mut,185,0,1.3932255731563945,8.00982417926818,111.70233802513089,14.88856936910331
co_mixed,20260907,10.0,11,3960.0,2.75,IDHmut_TP53wt,139,3,6.157503302824873,-5.914716830691275,105.4531381883261,14.88856936910331
co_mixed,20260907,10.0,12,4320.0,3.0,IDHmut_TP53mut,196,0,1.904408840754457,7.925600372699939,113.08915237029841,14.487840868487668
co_mixed,20260907,10.0,12,4320.0,3.0,IDHmut_TP53wt,143,5,6.543303172094644,-7.306579315190156,106.54928732018824,14.487840868487668
co_mixed,20260907,10.0,13,4680.0,3.25,IDHmut_TP53mut,211,1,0.5172190789833565,7.237330519161839,115.45555793809977,14.06582389082934
co_mixed,20260907,10.0,13,4680.0,3.25,IDHmut_TP53wt,154,1,6.597221932633592,-9.989421952970183,108.56560755245211,14.06582389082934
co_mixed,20260907,10.0,14,5040.0,3.5,IDHmut_TP53mut,218,0,0.2939907021531662,6.589024056642045,118.87878709762136,13.517218757839908
co_mixed,20260907,10.0,14,5040.0,3.5,IDHmut_TP53wt,161,2,9.300632620782563,-8.954890104448399,111.8136646094364,13.517218757839908
co_mixed,20260907,10.0,15,5400.0,3.75,IDHmut_TP53mut,237,0,2.599727178410926,6.469383743943945,122.93063895089713,13.375301158504163
co_mixed,20260907,10.0,15,5400.0,3.75,IDHmut_TP53wt,165,6,11.000435058933183,-8.748746707160297,114.34898125057933,13.375301158504163
co_mixed,20260907,10.0,16,5760.0,4.0,IDHmut_TP53mut,249,1,3.519373479319258,9.017669395151822,126.07111875529054,12.914428061252249
co_mixed,20260907,10.0,16,5760.0,4.0,IDHmut_TP53wt,172,5,10.868510050281504,-9.519461418115219,117.3278445027147,12.914428061252249
co_mixed,20260907,10.0,17,6120.0,4.25,IDHmut_TP53mut,262,1,3.1139719875905847,8.969823746994734,128.00865807925754,12.574043832380852
co_mixed,20260907,10.0,17,6120.0,4.25,IDHmut_TP53wt,176,4,9.931898312443458,-7.490122616668549,119.7360299818614,12.574043832380852
co_mixed,20260907,10.0,18,6480.0,4.5,IDHmut_TP53mut,280,0,5.2707527035405075,8.82978091833259,130.73691411641957,12.201267929830847
co_mixed,20260907,10.0,18,6480.0,4.5,IDHmut_TP53wt,185,2,10.817061006242186,-10.206294152064862,122.20591704936629,12.201267929830847
co_mixed,20260907,10.0,19,6840.0,4.75,IDHmut_TP53mut,304,0,8.1433634299576,9.399930221961316,133.87912216313043,12.110831080224212
co_mixed,20260907,10.0,19,6840.0,4.75,IDHmut_TP53wt,194,6,11.881749131962037,-9.07197434539295,125.845577827947,12.110831080224212
co_mixed,20260907,10.0,20,7200.0,5.0,IDHmut_TP53mut,330,1,9.233323672570167,7.087180059089185,137.1475723608259,11.676355478297163
co_mixed,20260907,10.0,20,7200.0,5.0,IDHmut_TP53wt,198,8,10.87782605460847,-10.724655024442692,129.38948244952462,11.676355478297163
co_mixed,20260907,10.0,21,7560.0,5.25,IDHmut_TP53mut,350,3,8.711878236347308,7.3686692307593535,139.79445251629255,11.179825866692836
co_mixed,20260907,10.0,21,7560.0,5.25,IDHmut_TP53wt,195,11,9.65847771809886,-11.390871384123972,133.7378462582491,11.179825866692836
co_mixed,20260907,10.0,22,7920.0,5.5,IDHmut_TP53mut,370,2,8.89336473021825,9.794619320159194,142.09797489078002,10.774861748356296
co_mixed,20260907,10.0,22,7920.0,5.5,IDHmut_TP53wt,206,3,9.158762215629192,-14.974992002883601,138.1081108164323,10.774861748356296
co_mixed,20260908,10.0,0,0.0,0.0,IDHmut_TP53mut,100,0,1.3220589999999999,-2.2695199999999995,34.13213412967931,38.0
co_mixed,20260908,10.0,0,0.0,0.0,IDHmut_TP53wt,100,0,0.9757410000000004,6.09182,33.39497368685921,38.0
co_mixed,20260908,10.0,1,360.0,0.25,IDHmut_TP53mut,108,0,4.537671968954667,-6.604165983229551,85.17777181098623,17.353205162724404
co_mixed,20260908,10.0,1,360.0,0.25,IDHmut_TP53wt,107,1,-0.48096975567328676,14.753091797469734,83.3717626622942,17.353205162724404
co_mixed,20260908,10.0,2,720.0,0.5,IDHmut_TP53mut,111,0,5.4043490748191365,-7.359023377700191,88.70635397495589,17.036030725074173
co_mixed,20260908,10.0,2,720.0,0.5,IDHmut_TP53wt,114,2,-0.6155611407085781,17.691380507357795,87.45414176912075,17.036030725074173
co_mixed,20260908,10.0,3,1080.0,0.75,IDHmut_TP53mut,116,0,6.810909774092689,-5.940387648669584,90.65919588907533,16.797750813309232
co_mixed,20260908,10.0,3,1080.0,0.75,IDHmut_TP53wt,118,2,1.344622016168265,18.391977961445203,90.85157772814794,16.797750813309232
co_mixed,20260908,10.0,4,1440.0,1.0,IDHmut_TP53mut,118,0,7.225044037322941,-5.077441248269822,92.79942570019713,16.605376802033145
co_mixed,20260908,10.0,4,1440.0,1.0,IDHmut_TP53wt,123,4,2.316843245309771,19.077884920043857,92.90468835243446,16.605376802033145
co_mixed,20260908,10.0,5,1800.0,1.25,IDHmut_TP53mut,122,0,8.141689086543716,-6.546198006793585,95.08991731191463,16.34680596657221
co_mixed,20260908,10.0,5,1800.0,1.25,IDHmut_TP53wt,128,2,2.195874745600869,18.75132313198853,94.03987882576637,16.34680596657221
co_mixed,20260908,10.0,6,2160.0,1.5,IDHmut_TP53mut,131,0,9.494919395281395,-6.052343962593624,98.01910732196095,16.443795007906626
co_mixed,20260908,10.0,6,2160.0,1.5,IDHmut_TP53wt,138,4,1.149408104291838,19.068706416889093,97.07385157577137,16.443795007906626
co_mixed,20260908,10.0,7,2520.0,1.75,IDHmut_TP53mut,137,0,10.955298802583107,-4.5827596855106805,100.79990566936425,16.137304372496708
co_mixed,20260908,10.0,7,2520.0,1.75,IDHmut_TP53wt,138,4,0.15387418214122534,18.299670443306148,100.10674237310225,16.137304372496708
co_mixed,20260908,10.0,8,2880.0,2.0,IDHmut_TP53mut,141,0,11.149434354958014,-5.132608897228736,101.83630527735114,15.898520881155804
co_mixed,20260908,10.0,8,2880.0,2.0,IDHmut_TP53wt,143,4,-1.00514670729739,17.744142770168423,102.14080897713488,15.898520881155804
co_mixed,20260908,10.0,9,3240.0,2.25,IDHmut_TP53mut,153,1,9.980345106476198,-3.404045019640486,103.0779133719083,15.490751646454022
co_mixed,20260908,10.0,9,3240.0,2.25,IDHmut_TP53wt,147,3,-2.141278929152795,16.482516203801488,104.29009000090457,15.490751646454022
co_mixed,20260908,10.0,10,3600.0,2.5,IDHmut_TP53mut,155,0,10.441900659357076,-3.1141152478220357,105.04974828112066,14.972468174654091
co_mixed,20260908,10.0,10,3600.0,2.5,IDHmut_TP53wt,151,3,-1.9798490107538897,13.208070072555477,107.2273999567709,14.972468174654091
co_mixed,20260908,10.0,11,3960.0,2.75,IDHmut_TP53mut,166,0,10.573260739441917,-3.2080874070195455,106.81595882218454,14.786518936392593
co_mixed,20260908,10.0,11,3960.0,2.75,IDHmut_TP53wt,153,3,0.04995899033826919,13.839916139672184,109.87265725151465,14.786518936392593
co_mixed,20260908,10.0,12,4320.0,3.0,IDHmut_TP53mut,175,1,11.297587433444706,-4.809479765125484,107.95755120633733,14.667562099548247
co_mixed,20260908,10.0,12,4320.0,3.0,IDHmut_TP53wt,155,5,0.7868051048012837,17.379927712665022,112.1068465692275,14.667562099548247
co_mixed,20260908,10.0,13,4680.0,3.25,IDHmut_TP53mut,179,2,11.869354043414528,-5.030184687760201,109.38057179445748,14.502122669302715
co_mixed,20260908,10.0,13,4680.0,3.25,IDHmut_TP53wt,166,6,1.9355808337406788,13.73685541545767,115.02931096223398,14.502122669302715
co_mixed,20260908,10.0,14,5040.0,3.5,IDHmut_TP53mut,182,2,13.053514860064851,-3.701252726458348,110.9409948397438,13.95420268155257
co_mixed,20260908,10.0,14,5040.0,3.5,IDHmut_TP53wt,174,2,1.3217318413741121,11.351853337848018,117.80899051228836,13.95420268155257
co_mixed,20260908,10.0,15,5400.0,3.75,IDHmut_TP53mut,190,0,10.956540868373024,-4.424462563948745,112.52990976734807,13.857017098757964
co_mixed,20260908,10.0,15,5400.0,3.75,IDHmut_TP53wt,187,5,1.4472518814041324,12.82040055989038,119.14326414771075,13.857017098757964
co_mixed,20260908,10.0,16,5760.0,4.0,IDHmut_TP53mut,205,0,9.89489669941537,-5.345260321296106,115.05498804237482,13.30918895639808
co_mixed,20260908,10.0,16,5760.0,4.0,IDHmut_TP53wt,196,3,0.8985117922002246,12.10373317565808,121.96090713131161,13.30918895639808
co_mixed,20260908,10.0,17,6120.0,4.25,IDHmut_TP53mut,212,0,10.667569380276445,-2.961801322099887,117.65294702477036,12.96266653666077
co_mixed,20260908,10.0,17,6120.0,4.25,IDHmut_TP53wt,202,4,-2.0545946598855465,10.098237240323481,124.93472928957685,12.96266653666077
co_mixed,20260908,10.0,18,6480.0,4.5,IDHmut_TP53mut,229,2,12.379169190568684,-8.252239181251232,119.99955430309467,12.823890182378916
co_mixed,20260908,10.0,18,6480.0,4.5,IDHmut_TP53wt,205,7,-4.041920188958318,10.383660274810316,128.49132653813794,12.823890182378916
co_mixed,20260908,10.0,19,6840.0,4.75,IDHmut_TP53mut,243,2,12.003855009322931,-6.978257602717673,122.96773286165555,12.480739018022508
co_mixed,20260908,10.0,19,6840.0,4.75,IDHmut_TP53wt,215,5,-3.14138377226606,9.334807706386416,131.58463077368674,12.480739018022508
co_mixed,20260908,10.0,20,7200.0,5.0,IDHmut_TP53mut,260,0,11.668645374720327,-7.3257159420292774,125.58091071047535,11.858834390949847
co_mixed,20260908,10.0,20,7200.0,5.0,IDHmut_TP53wt,223,9,-1.545176075971242,12.274603618644697,134.13898084059107,11.858834390949847
co_mixed,20260908,10.0,21,7560.0,5.25,IDHmut_TP53mut,276,1,13.65824462104977,-5.8860893554753115,128.35506337639697,11.615747203331798
co_mixed,20260908,10.0,21,7560.0,5.25,IDHmut_TP53wt,245,4,0.338045919427194,12.835228491493117,135.80940286073405,11.615747203331798
co_mixed,20260908,10.0,22,7920.0,5.5,IDHmut_TP53mut,292,0,14.44671583835049,-5.756971368815698,131.56657747817266,11.169664827639172
co_mixed,20260908,10.0,22,7920.0,5.5,IDHmut_TP53wt,258,3,-0.36293466248607,13.264974334625137,139.58427462674612,11.169664827639172
co_mixed,20260909,10.0,0,0.0,0.0,IDHmut_TP53mut,100,0,-0.3256850000000003,-1.686638,34.76312203917006,38.0
co_mixed,20260909,10.0,0,0.0,0.0,IDHmut_TP53wt,100,0,-2.181078999999999,0.5424539999999994,33.16974900151256,38.0
co_mixed,20260909,10.0,1,360.0,0.25,IDHmut_TP53mut,103,2,0.6338940591431056,-3.025049316774178,85.21192048295919,17.356357254784193
co_mixed,20260909,10.0,1,360.0,0.25,IDHmut_TP53wt,104,0,-4.4260740459086865,0.7631557306192965,81.7327875198151,17.356357254784193
co_mixed,20260909,10.0,2,720.0,0.5,IDHmut_TP53mut,107,1,0.8030535285822124,-4.1179438462841915,89.27784068151452,17.34735440950376
co_mixed,20260909,10.0,2,720.0,0.5,IDHmut_TP53wt,112,1,-5.968027636950903,3.90454337821885,85.85850542935897,17.34735440950376
co_mixed,20260909,10.0,3,1080.0,0.75,IDHmut_TP53mut,110,1,1.992462476533622,-5.946744538502553,92.08766017972903,17.108161135119147
co_mixed,20260909,10.0,3,1080.0,0.75,IDHmut_TP53wt,119,1,-5.879318930298288,2.6268184303639006,88.83513955438298,17.108161135119147
co_mixed,20260909,10.0,4,1440.0,1.0,IDHmut_TP53mut,117,1,3.2969119041992965,-4.06515831164727,94.86007434971123,16.859178628356748
co_mixed,20260909,10.0,4,1440.0,1.0,IDHmut_TP53wt,124,2,-4.02091876309659,1.359933151031935,91.0757272363138,16.859178628356748
co_mixed,20260909,10.0,5,1800.0,1.25,IDHmut_TP53mut,123,0,1.3946967926159681,-4.706643431427958,97.1680092913733,16.81675540272951
co_mixed,20260909,10.0,5,1800.0,1.25,IDHmut_TP53wt,132,1,-4.435725673462288,2.2069285015164657,94.00567419494875,16.81675540272951
co_mixed,20260909,10.0,6,2160.0,1.5,IDHmut_TP53mut,132,0,2.2418965371751955,-5.9854245460108855,99.44714091574194,15.9815666506576
co_mixed,20260909,10.0,6,2160.0,1.5,IDHmut_TP53wt,135,3,-4.091141595539203,2.2789088283455072,96.03070203257232,15.9815666506576
co_mixed,20260909,10.0,7,2520.0,1.75,IDHmut_TP53mut,139,0,1.3283242016966101,-6.402688898218279,101.95972168060958,15.726094087597675
co_mixed,20260909,10.0,7,2520.0,1.75,IDHmut_TP53wt,135,3,-3.921606880828949,2.310463762204501,97.91506505209034,15.726094087597675
co_mixed,20260909,10.0,8,2880.0,2.0,IDHmut_TP53mut,145,0,1.371848477458899,-5.286796805206032,104.59256874023426,15.702598114577638
co_mixed,20260909,10.0,8,2880.0,2.0,IDHmut_TP53wt,140,2,-3.0669246749637558,4.4478333162802075,98.10849243984543,15.702598114577638
co_mixed,20260909,10.0,9,3240.0,2.25,IDHmut_TP53mut,158,1,1.2743639990774709,-2.567258282507003,107.85129169922384,15.339582591914194
co_mixed,20260909,10.0,9,3240.0,2.25,IDHmut_TP53wt,147,4,-3.7273307851887507,6.144949408748508,101.67689169129122,15.339582591914194
co_mixed,20260909,10.0,10,3600.0,2.5,IDHmut_TP53mut,172,0,2.1790848368709432,-1.4197841652169714,111.37732820919909,14.825108184778413
co_mixed,20260909,10.0,10,3600.0,2.5,IDHmut_TP53wt,157,2,-2.3373042366656405,6.388136205933414,103.06633695007298,14.825108184778413
co_mixed,20260909,10.0,11,3960.0,2.75,IDHmut_TP53mut,180,0,1.6643951936085866,-0.6365927429777891,113.45991467834617,14.27820188522759
co_mixed,20260909,10.0,11,3960.0,2.75,IDHmut_TP53wt,156,4,-2.743048177803819,6.501692246945901,105.57863340028125,14.27820188522759
co_mixed,20260909,10.0,12,4320.0,3.0,IDHmut_TP53mut,192,0,-0.2179518429057862,1.1528019678382526,115.48345074057566,13.993771769578215
co_mixed,20260909,10.0,12,4320.0,3.0,IDHmut_TP53wt,162,5,-3.8723645265384143,5.520181934440698,106.60696890561988,13.993771769578215
co_mixed,20260909,10.0,13,4680.0,3.25,IDHmut_TP53mut,200,0,-1.1948514602277114,-1.491508883689224,118.67766582609057,13.66379770046657
co_mixed,20260909,10.0,13,4680.0,3.25,IDHmut_TP53wt,168,0,-5.916609511570902,7.477528974038161,109.23633795295018,13.66379770046657
co_mixed,20260909,10.0,14,5040.0,3.5,IDHmut_TP53mut,205,2,0.40412871865506955,-1.3168154300392676,120.83305021508427,13.464896556315592
co_mixed,20260909,10.0,14,5040.0,3.5,IDHmut_TP53wt,178,2,-8.271739826108439,7.171747860885955,111.84963401377425,13.464896556315592
co_mixed,20260909,10.0,15,5400.0,3.75,IDHmut_TP53mut,218,1,-1.9888323398617396,-0.5605864460784379,123.27253358461505,13.292899759288527
co_mixed,20260909,10.0,15,5400.0,3.75,IDHmut_TP53wt,178,5,-8.061736176599842,6.864188125179416,113.46414491523556,13.292899759288527
co_mixed,20260909,10.0,16,5760.0,4.0,IDHmut_TP53mut,231,0,-0.8726577375132426,-3.387476020263056,125.26152573094201,13.128878936345613
co_mixed,20260909,10.0,16,5760.0,4.0,IDHmut_TP53wt,177,9,-11.36744572184189,6.6242971395407295,116.15996720185248,13.128878936345613
co_mixed,20260909,10.0,17,6120.0,4.25,IDHmut_TP53mut,243,1,1.837459102894466,-4.094675276934602,127.5359046189365,12.771651158491803
co_mixed,20260909,10.0,17,6120.0,4.25,IDHmut_TP53wt,183,6,-12.318587994396408,7.6818202734425975,118.10122485486734,12.771651158491803
co_mixed,20260909,10.0,18,6480.0,4.5,IDHmut_TP53mut,254,0,1.2868042712474865,-5.167002414652559,131.30795905108732,12.537073358071556
co_mixed,20260909,10.0,18,6480.0,4.5,IDHmut_TP53wt,189,5,-14.173797583959649,7.8992809187681186,120.32880948913376,12.537073358071556
co_mixed,20260909,10.0,19,6840.0,4.75,IDHmut_TP53mut,267,1,3.6017067959407614,-4.289311601262454,133.31205500997297,12.45295567242088
co_mixed,20260909,10.0,19,6840.0,4.75,IDHmut_TP53wt,194,6,-12.58329730203231,8.609475353733847,120.37567581854097,12.45295567242088
co_mixed,20260909,10.0,20,7200.0,5.0,IDHmut_TP53mut,281,0,3.608702603359106,-3.450500683145409,135.98887698115323,11.979185358525585
co_mixed,20260909,10.0,20,7200.0,5.0,IDHmut_TP53wt,203,6,-11.52580903303018,8.084801845720099,121.63428546896893,11.979185358525585
co_mixed,20260909,10.0,21,7560.0,5.25,IDHmut_TP53mut,291,0,4.21166604813186,-2.8889603568491125,138.57254883853855,11.618181845528271
co_mixed,20260909,10.0,21,7560.0,5.25,IDHmut_TP53wt,211,5,-11.684830446319344,5.381244394188435,124.3784826347096,11.618181845528271
co_mixed,20260909,10.0,22,7920.0,5.5,IDHmut_TP53mut,308,0,4.041793199646338,-3.7867683514118977,141.21683528466363,11.369666861473464
co_mixed,20260909,10.0,22,7920.0,5.5,IDHmut_TP53wt,216,3,-12.805544805142121,5.463597345952504,127.20289728140955,11.369666861473464
co_mixed,20260910,10.0,0,0.0,0.0,IDHmut_TP53mut,100,0,0.919548,3.0793880000000002,35.4214885703827,38.0
co_mixed,20260910,10.0,0,0.0,0.0,IDHmut_TP53wt,100,0,0.8678950000000001,-2.508281,35.333315797448364,38.0
co_mixed,20260910,10.0,1,360.0,0.25,IDHmut_TP53mut,102,0,-1.0069028640971323,6.687801462288454,82.17602846879726,17.477482598656323
co_mixed,20260910,10.0,1,360.0,0.25,IDHmut_TP53wt,102,3,1.1663106620715515,-6.420375333066338,83.43646949360682,17.477482598656323
co_mixed,20260910,10.0,2,720.0,0.5,IDHmut_TP53mut,108,2,-2.049801999195222,4.885943854636623,86.74165397857772,17.655505682276505
co_mixed,20260910,10.0,2,720.0,0.5,IDHmut_TP53wt,103,2,0.3089689502011965,-5.116353083559993,87.7496006316585,17.655505682276505
co_mixed,20260910,10.0,3,1080.0,0.75,IDHmut_TP53mut,112,0,-2.229145931375624,5.3032723402230655,88.33031490261574,17.781335632442236
co_mixed,20260910,10.0,3,1080.0,0.75,IDHmut_TP53wt,106,2,2.231882131413895,-4.443747555904841,91.17388924085549,17.781335632442236
co_mixed,20260910,10.0,4,1440.0,1.0,IDHmut_TP53mut,118,0,-3.254361554046959,4.474657213197568,89.59367618228991,16.998191750706464
co_mixed,20260910,10.0,4,1440.0,1.0,IDHmut_TP53wt,111,1,1.9984462304278445,-5.565742566729012,94.00527959750958,16.998191750706464
co_mixed,20260910,10.0,5,1800.0,1.25,IDHmut_TP53mut,129,0,-2.7635316872513456,3.961580236364619,92.10807430551695,16.898435594061265
co_mixed,20260910,10.0,5,1800.0,1.25,IDHmut_TP53wt,114,4,2.369921006658598,-3.991486351017634,95.96262776402986,16.898435594061265
co_mixed,20260910,10.0,6,2160.0,1.5,IDHmut_TP53mut,136,0,-1.792769133329486,2.175892921182058,93.55173052005047,16.352813546801457
co_mixed,20260910,10.0,6,2160.0,1.5,IDHmut_TP53wt,119,2,4.722000424717774,0.26401985487713087,98.95147762719566,16.352813546801457
co_mixed,20260910,10.0,7,2520.0,1.75,IDHmut_TP53mut,146,0,-4.777428217330222,-0.30288173610528457,96.31112809435629,16.37622451275087
co_mixed,20260910,10.0,7,2520.0,1.75,IDHmut_TP53wt,120,3,4.128279730930155,1.7084439291387112,101.651530204643,16.37622451275087
co_mixed,20260910,10.0,8,2880.0,2.0,IDHmut_TP53mut,163,0,-5.918226591255007,-0.14672091841502,98.92138345026876,15.723457243525226
co_mixed,20260910,10.0,8,2880.0,2.0,IDHmut_TP53wt,124,4,4.236604015839834,0.8296327106195801,102.93683512781513,15.723457243525226
co_mixed,20260910,10.0,9,3240.0,2.25,IDHmut_TP53mut,171,0,-5.923350248786613,-0.25389019310373523,100.91423375863124,15.424063412511613
co_mixed,20260910,10.0,9,3240.0,2.25,IDHmut_TP53wt,131,4,2.6924741703418076,-1.4195647429362106,106.74969475094814,15.424063412511613
co_mixed,20260910,10.0,10,3600.0,2.5,IDHmut_TP53mut,183,1,-5.1124377503856895,-0.33627167380262823,102.92824076660753,14.479262234121759
co_mixed,20260910,10.0,10,3600.0,2.5,IDHmut_TP53wt,140,3,5.204363325935304,4.2244492437195005,110.2764144893926,14.479262234121759
co_mixed,20260910,10.0,11,3960.0,2.75,IDHmut_TP53mut,191,0,-4.825085056448453,-0.22852352919300556,105.5829266007216,14.344164091159708
co_mixed,20260910,10.0,11,3960.0,2.75,IDHmut_TP53wt,146,2,7.153876190614327,6.2105775338679345,112.75969004331075,14.344164091159708
co_mixed,20260910,10.0,12,4320.0,3.0,IDHmut_TP53mut,201,0,-5.434043495326838,1.6066859850731994,108.59839558191774,14.037431134116561
co_mixed,20260910,10.0,12,4320.0,3.0,IDHmut_TP53wt,152,0,6.4443272143000625,7.66767497041421,115.67581044461491,14.037431134116561
co_mixed,20260910,10.0,13,4680.0,3.25,IDHmut_TP53mut,210,0,-5.277110179807712,1.890502062368517,110.79367027297094,13.913753809487295
co_mixed,20260910,10.0,13,4680.0,3.25,IDHmut_TP53wt,159,2,8.592296628172628,7.1470331530611695,116.8595971394032,13.913753809487295
co_mixed,20260910,10.0,14,5040.0,3.5,IDHmut_TP53mut,218,0,-5.538872883181672,1.8896871342309078,113.37663384432945,13.542203361225186
co_mixed,20260910,10.0,14,5040.0,3.5,IDHmut_TP53wt,166,4,8.340400505010768,8.567510383733158,119.64547998801909,13.542203361225186
co_mixed,20260910,10.0,15,5400.0,3.75,IDHmut_TP53mut,230,2,-6.6960616404729025,-0.13696879488878919,115.79370494971312,13.257378798247125
co_mixed,20260910,10.0,15,5400.0,3.75,IDHmut_TP53wt,178,3,11.793148686115417,7.854827559111708,121.89966253344923,13.257378798247125
co_mixed,20260910,10.0,16,5760.0,4.0,IDHmut_TP53mut,240,1,-7.0226820879414324,-0.4476355000123038,119.48070909952764,12.783027557782166
co_mixed,20260910,10.0,16,5760.0,4.0,IDHmut_TP53wt,185,4,12.848716287011621,11.565798664359512,123.83234278204343,12.783027557782166
co_mixed,20260910,10.0,17,6120.0,4.25,IDHmut_TP53mut,252,0,-6.651670243393888,-3.080749825381181,122.01427968827774,12.298134349348587
co_mixed,20260910,10.0,17,6120.0,4.25,IDHmut_TP53wt,191,3,12.598744274945188,11.651885073481935,126.48070801765608,12.298134349348587
co_mixed,20260910,10.0,18,6480.0,4.5,IDHmut_TP53mut,267,0,-5.967399489611756,-2.1696433685348433,125.4453832336761,12.026514405194787
co_mixed,20260910,10.0,18,6480.0,4.5,IDHmut_TP53wt,196,3,12.20820359116419,12.184387973463702,129.74531752227455,12.026514405194787
co_mixed,20260910,10.0,19,6840.0,4.75,IDHmut_TP53mut,284,0,-6.060876084551527,-0.9539054494960574,128.31414897478268,11.920282033931946
co_mixed,20260910,10.0,19,6840.0,4.75,IDHmut_TP53wt,197,5,10.882997476215506,12.941086919849974,132.12739573749172,11.920282033931946
co_mixed,20260910,10.0,20,7200.0,5.0,IDHmut_TP53mut,297,0,-6.475395822445421,-0.2588184605022546,130.95054964759078,11.701768927434681
co_mixed,20260910,10.0,20,7200.0,5.0,IDHmut_TP53wt,207,5,13.946321562561938,10.448386175949192,135.26788984309607,11.701768927434681
co_mixed,20260910,10.0,21,7560.0,5.25,IDHmut_TP53mut,314,1,-7.970120481388602,1.0021390677829283,134.25727895851526,11.28396528206657
co_mixed,20260910,10.0,21,7560.0,5.25,IDHmut_TP53wt,220,2,15.11428960810369,10.938583600308665,137.3854611091494,11.28396528206657
co_mixed,20260910,10.0,22,7920.0,5.5,IDHmut_TP53mut,337,0,-6.939737328762087,1.4739728036738604,137.48412939523527,11.053801938184229
co_mixed,20260910,10.0,22,7920.0,5.5,IDHmut_TP53wt,228,2,15.298884165040064,10.359539862276849,140.62768297135457,11.053801938184229
co_mixed,20260911,10.0,0,0.0,0.0,IDHmut_TP53mut,100,0,-0.25269499999999945,1.1192360000000006,34.83179223570586,38.0
co_mixed,20260911,10.0,0,0.0,0.0,IDHmut_TP53wt,100,0,-1.7830839999999992,-3.522296,34.976012304010986,38.0
co_mixed,20260911,10.0,1,360.0,0.25,IDHmut_TP53mut,103,0,1.301249753822643,5.553114434826349,81.66203356843374,17.78899446703373
co_mixed,20260911,10.0,1,360.0,0.25,IDHmut_TP53wt,99,4,-0.45274236177315696,-3.5335693195344207,85.53468259988924,17.78899446703373
co_mixed,20260911,10.0,2,720.0,0.5,IDHmut_TP53mut,110,0,-1.0374274796653518,5.638586502975789,85.05995841536361,17.59211736690801
co_mixed,20260911,10.0,2,720.0,0.5,IDHmut_TP53wt,104,2,0.9756607132175787,-2.8646954503250255,89.1555271883729,17.59211736690801
co_mixed,20260911,10.0,3,1080.0,0.75,IDHmut_TP53mut,119,0,-1.2663557970507668,8.290774245147535,87.8014995122566,17.32283295977695
co_mixed,20260911,10.0,3,1080.0,0.75,IDHmut_TP53wt,103,8,-0.6535628345184837,-6.0496042053700405,92.25871575316073,17.32283295977695
co_mixed,20260911,10.0,4,1440.0,1.0,IDHmut_TP53mut,127,0,1.4690936099977834,8.232962425835204,89.90384226427322,17.22994822739448
co_mixed,20260911,10.0,4,1440.0,1.0,IDHmut_TP53wt,106,7,0.4512005029882854,-10.084442716133466,94.25933094832786,17.22994822739448
co_mixed,20260911,10.0,5,1800.0,1.25,IDHmut_TP53mut,132,0,3.6967992121040614,9.573603687442086,92.54151512801413,16.68640532714255
co_mixed,20260911,10.0,5,1800.0,1.25,IDHmut_TP53wt,112,2,-1.5994076070294374,-11.64481218994555,94.63569986308774,16.68640532714255
co_mixed,20260911,10.0,6,2160.0,1.5,IDHmut_TP53mut,137,1,5.272877655315857,10.765694384104592,93.03290068651701,16.246983814991463
co_mixed,20260911,10.0,6,2160.0,1.5,IDHmut_TP53wt,121,1,-1.2437162993518154,-13.929471294889291,97.77311089636177,16.246983814991463
co_mixed,20260911,10.0,7,2520.0,1.75,IDHmut_TP53mut,145,1,5.917039392537418,10.196845181843262,95.49410405066827,15.966031392789544
co_mixed,20260911,10.0,7,2520.0,1.75,IDHmut_TP53wt,123,2,0.27067153066574634,-17.11732513879222,100.02840306072993,15.966031392789544
co_mixed,20260911,10.0,8,2880.0,2.0,IDHmut_TP53mut,154,0,8.14153870129055,10.78079122257101,98.2246357056263,15.645953174711364
co_mixed,20260911,10.0,8,2880.0,2.0,IDHmut_TP53wt,127,4,-1.2019415276309862,-16.957685268442617,102.28777298144452,15.645953174711364
co_mixed,20260911,10.0,9,3240.0,2.25,IDHmut_TP53mut,160,1,9.812966201138897,11.738627228060139,99.78439032376986,15.62879301510733
co_mixed,20260911,10.0,9,3240.0,2.25,IDHmut_TP53wt,132,1,-1.3617358058621694,-19.565842933128373,103.76702221745639,15.62879301510733
co_mixed,20260911,10.0,10,3600.0,2.5,IDHmut_TP53mut,165,0,9.804004403949435,11.563609988307254,102.2330448977649,15.294970942876724
co_mixed,20260911,10.0,10,3600.0,2.5,IDHmut_TP53wt,133,5,-6.451183969346451,-22.54341969897172,104.67964197054569,15.294970942876724
co_mixed,20260911,10.0,11,3960.0,2.75,IDHmut_TP53mut,167,1,11.216453125384133,12.289651273589216,103.82714962855283,15.20101411979935
co_mixed,20260911,10.0,11,3960.0,2.75,IDHmut_TP53wt,138,6,-8.625451877688556,-25.1974776941877,106.50126614590658,15.20101411979935
co_mixed,20260911,10.0,12,4320.0,3.0,IDHmut_TP53mut,180,0,12.618556873079402,12.204100427839972,106.08826238645725,14.713822772407044
co_mixed,20260911,10.0,12,4320.0,3.0,IDHmut_TP53wt,147,4,-8.042923630384898,-26.081422348349154,108.39807164029877,14.713822772407044
co_mixed,20260911,10.0,13,4680.0,3.25,IDHmut_TP53mut,193,1,14.256640544460769,9.965985345024395,108.65762096016987,14.409259996170126
co_mixed,20260911,10.0,13,4680.0,3.25,IDHmut_TP53wt,148,5,-7.989779577370895,-25.376520200974205,110.4937318380822,14.409259996170126
co_mixed,20260911,10.0,14,5040.0,3.5,IDHmut_TP53mut,206,1,15.379337209431235,12.39493182407375,110.55270116673306,14.262495935926502
co_mixed,20260911,10.0,14,5040.0,3.5,IDHmut_TP53wt,151,4,-7.532118728093744,-26.111498973453493,112.24286569231256,14.262495935926502
co_mixed,20260911,10.0,15,5400.0,3.75,IDHmut_TP53mut,218,0,13.66507499042149,12.387199323979504,113.64353203924075,13.627996942309736
co_mixed,20260911,10.0,15,5400.0,3.75,IDHmut_TP53wt,157,1,-6.379368812457574,-27.69075062588339,113.81560475885384,13.627996942309736
co_mixed,20260911,10.0,16,5760.0,4.0,IDHmut_TP53mut,228,0,14.117991616926542,13.166765897889341,115.8448085174316,13.392949740986642
co_mixed,20260911,10.0,16,5760.0,4.0,IDHmut_TP53wt,162,3,-5.365792671736764,-26.046176333585976,116.5904648096998,13.392949740986642
co_mixed,20260911,10.0,17,6120.0,4.25,IDHmut_TP53mut,238,1,12.426857390378,11.522886344376783,117.86410067207589,13.131735683299103
co_mixed,20260911,10.0,17,6120.0,4.25,IDHmut_TP53wt,168,5,-4.006636908260492,-26.42661315890437,119.4422718933202,13.131735683299103
co_mixed,20260911,10.0,18,6480.0,4.5,IDHmut_TP53mut,259,1,10.270795969667809,11.623787983995937,121.33549112971598,12.830176183732656
co_mixed,20260911,10.0,18,6480.0,4.5,IDHmut_TP53wt,174,4,-5.007393111572822,-28.44386029641373,121.32632844899604,12.830176183732656
co_mixed,20260911,10.0,19,6840.0,4.75,IDHmut_TP53mut,268,0,10.774910351528707,12.592026458181643,123.68645071584196,12.611641886451544
co_mixed,20260911,10.0,19,6840.0,4.75,IDHmut_TP53wt,171,8,-5.399224733351723,-28.485786019481623,123.58963359472253,12.611641886451544
co_mixed,20260911,10.0,20,7200.0,5.0,IDHmut_TP53mut,281,1,7.987497950085387,13.590793936046193,126.26775583800867,12.254306248626465
co_mixed,20260911,10.0,20,7200.0,5.0,IDHmut_TP53wt,180,3,-6.211515903687326,-29.531166996129727,125.62877677796035,12.254306248626465
co_mixed,20260911,10.0,21,7560.0,5.25,IDHmut_TP53mut,300,0,8.058950358010788,14.924088466111595,128.24916250285312,11.909756610334346
co_mixed,20260911,10.0,21,7560.0,5.25,IDHmut_TP53wt,189,4,-3.0222166338233287,-33.232024331534454,128.00719674366556,11.909756610334346
co_mixed,20260911,10.0,22,7920.0,5.5,IDHmut_TP53mut,315,0,10.329736846375395,17.867356914248102,131.0615280912033,11.51581259955013
co_mixed,20260911,10.0,22,7920.0,5.5,IDHmut_TP53wt,193,4,-3.0311112064113686,-30.983431220560814,130.79302690048834,11.51581259955013
co_mixed,20260912,10.0,0,0.0,0.0,IDHmut_TP53mut,100,0,0.7543960000000002,2.1256340000000002,35.528855340162984,38.0
co_mixed,20260912,10.0,0,0.0,0.0,IDHmut_TP53wt,100,0,5.087858000000001,1.9674079999999996,34.501635210287816,38.0
co_mixed,20260912,10.0,1,360.0,0.25,IDHmut_TP53mut,103,0,-3.015174218380844,2.5096901182058033,85.16529324171742,17.385059019449795
co_mixed,20260912,10.0,1,360.0,0.25,IDHmut_TP53wt,106,2,11.130542654023708,-1.0048561180487272,82.24394797052999,17.385059019449795
co_mixed,20260912,10.0,2,720.0,0.5,IDHmut_TP53mut,110,0,-2.3651661596401374,4.0579958152949045,88.97594562438692,17.28558016640973
co_mixed,20260912,10.0,2,720.0,0.5,IDHmut_TP53wt,109,4,12.02663703281597,-5.042008128761068,85.02749843904422,17.28558016640973
co_mixed,20260912,10.0,3,1080.0,0.75,IDHmut_TP53mut,118,0,1.428071954948538,6.2443266564396716,92.37263795325741,17.15948766554037
co_mixed,20260912,10.0,3,1080.0,0.75,IDHmut_TP53wt,115,2,14.607792870042504,-5.114141657163455,88.7060012480778,17.15948766554037
co_mixed,20260912,10.0,4,1440.0,1.0,IDHmut_TP53mut,122,0,-0.011359749329923351,5.791985035036225,94.7764686914446,16.630858864087624
co_mixed,20260912,10.0,4,1440.0,1.0,IDHmut_TP53wt,119,3,13.40743897629016,-9.663189264087274,91.57843776773343,16.630858864087624
co_mixed,20260912,10.0,5,1800.0,1.25,IDHmut_TP53mut,129,0,-0.7421877080627717,7.351503975734288,97.33541671392899,16.54818686967444
co_mixed,20260912,10.0,5,1800.0,1.25,IDHmut_TP53wt,124,2,16.509293909389392,-9.556041542806657,92.94523377695415,16.54818686967444
co_mixed,20260912,10.0,6,2160.0,1.5,IDHmut_TP53mut,131,0,-2.0514680789316784,8.115642962981504,99.24728611794328,16.366608950892367
co_mixed,20260912,10.0,6,2160.0,1.5,IDHmut_TP53wt,128,5,17.91171064130024,-5.758837696763488,94.4118344413177,16.366608950892367
co_mixed,20260912,10.0,7,2520.0,1.75,IDHmut_TP53mut,150,0,-3.231616782032784,9.44496986195698,102.12135663438913,15.964879529685062
co_mixed,20260912,10.0,7,2520.0,1.75,IDHmut_TP53wt,131,3,18.596412357326944,-6.77629286169234,96.70993349315331,15.964879529685062
co_mixed,20260912,10.0,8,2880.0,2.0,IDHmut_TP53mut,156,1,-3.3219509469153503,8.387219736360477,103.87213556072898,15.42759642381553
co_mixed,20260912,10.0,8,2880.0,2.0,IDHmut_TP53wt,138,4,22.525805286174318,-8.641400482440952,98.76216201235316,15.42759642381553
co_mixed,20260912,10.0,9,3240.0,2.25,IDHmut_TP53mut,167,1,-1.9819010804705564,7.372028741970126,106.76797380945871,15.066786695376114
co_mixed,20260912,10.0,9,3240.0,2.25,IDHmut_TP53wt,144,5,24.041341405229147,-9.431317674462669,101.43027160347741,15.066786695376114
co_mixed,20260912,10.0,10,3600.0,2.5,IDHmut_TP53mut,176,1,-2.0258676334175956,6.6066968595598095,108.9862739573146,14.798739499957785
co_mixed,20260912,10.0,10,3600.0,2.5,IDHmut_TP53wt,147,4,22.6937050617184,-10.146017207029868,104.01028838188483,14.798739499957785
co_mixed,20260912,10.0,11,3960.0,2.75,IDHmut_TP53mut,184,2,-1.6184654054538146,6.997987945470936,111.8400223122951,14.48645450057658
co_mixed,20260912,10.0,11,3960.0,2.75,IDHmut_TP53wt,153,3,21.002286192219685,-10.777209685843195,106.07455597515144,14.48645450057658
co_mixed,20260912,10.0,12,4320.0,3.0,IDHmut_TP53mut,188,2,-1.1790949320712296,6.982419551663043,113.297982223117,14.228870978974738
co_mixed,20260912,10.0,12,4320.0,3.0,IDHmut_TP53wt,156,2,21.307635929995648,-11.505766723414656,108.57042987056607,14.228870978974738
co_mixed,20260912,10.0,13,4680.0,3.25,IDHmut_TP53mut,193,0,-0.7753340946164425,7.700697251119083,114.80647605247637,14.082741583788888
co_mixed,20260912,10.0,13,4680.0,3.25,IDHmut_TP53wt,157,5,19.66929286829044,-10.654605193281574,110.75668068841483,14.082741583788888
co_mixed,20260912,10.0,14,5040.0,3.5,IDHmut_TP53mut,202,0,-0.5891191963745811,6.498693995509952,116.46758963895125,13.89263806951487
co_mixed,20260912,10.0,14,5040.0,3.5,IDHmut_TP53wt,160,6,22.23026058966581,-11.047008716871368,112.08373907508414,13.89263806951487
co_mixed,20260912,10.0,15,5400.0,3.75,IDHmut_TP53mut,210,1,1.3509046206853599,6.576454274896878,118.132983836854,13.936503808474344
co_mixed,20260912,10.0,15,5400.0,3.75,IDHmut_TP53wt,162,8,23.31026452085724,-12.345331066792495,114.14869888925982,13.936503808474344
co_mixed,20260912,10.0,16,5760.0,4.0,IDHmut_TP53mut,228,1,1.6947812245056533,5.1229058776355085,120.29726419519488,13.457910554589127
co_mixed,20260912,10.0,16,5760.0,4.0,IDHmut_TP53wt,164,2,21.83668376993979,-12.244342634743013,115.58517421045136,13.457910554589127
co_mixed,20260912,10.0,17,6120.0,4.25,IDHmut_TP53mut,241,0,3.6684583945549556,5.874447952360249,122.95240355622657,13.087687639249603
co_mixed,20260912,10.0,17,6120.0,4.25,IDHmut_TP53wt,171,4,18.79364727389215,-11.191559614537562,118.93346244908751,13.087687639249603
co_mixed,20260912,10.0,18,6480.0,4.5,IDHmut_TP53mut,260,0,4.532428724814412,6.230417425591175,126.45892501829623,12.59782713161856
co_mixed,20260912,10.0,18,6480.0,4.5,IDHmut_TP53wt,181,3,21.81102731256501,-6.9701910124415285,120.70339078435225,12.59782713161856
co_mixed,20260912,10.0,19,6840.0,4.75,IDHmut_TP53mut,269,2,3.4368740679976004,7.836906734546589,130.00515216721237,12.308411479287162
co_mixed,20260912,10.0,19,6840.0,4.75,IDHmut_TP53wt,188,1,21.669716102918464,-6.341823295819043,122.99326229696288,12.308411479287162
co_mixed,20260912,10.0,20,7200.0,5.0,IDHmut_TP53mut,284,0,3.065741983888442,8.082375872508266,131.9045629462661,12.2105819042811
co_mixed,20260912,10.0,20,7200.0,5.0,IDHmut_TP53wt,192,6,16.707717571248,-10.062151374398164,125.25266118265893,12.2105819042811
co_mixed,20260912,10.0,21,7560.0,5.25,IDHmut_TP53mut,296,0,2.0006882288704277,9.412696165548056,133.8612901354637,11.79675043124817
co_mixed,20260912,10.0,21,7560.0,5.25,IDHmut_TP53wt,199,6,15.539851370276216,-9.840904712697483,127.34686822187486,11.79675043124817
co_mixed,20260912,10.0,22,7920.0,5.5,IDHmut_TP53mut,305,3,1.851585981507153,8.751612793709858,136.79565299594245,11.532345306645439
co_mixed,20260912,10.0,22,7920.0,5.5,IDHmut_TP53wt,208,3,15.466385272036076,-8.477421601727915,129.3719583775073,11.532345306645439
co_mixed,20260913,10.0,0,0.0,0.0,IDHmut_TP53mut,100,0,0.1598289999999998,3.7878290000000017,33.92115969546321,38.0
co_mixed,20260913,10.0,0,0.0,0.0,IDHmut_TP53wt,100,0,1.945839,-0.5386429999999999,34.1769811791479,38.0
co_mixed,20260913,10.0,1,360.0,0.25,IDHmut_TP53mut,107,0,-0.26076504911695575,5.391318398439241,82.99374373810323,17.320274003534553
co_mixed,20260913,10.0,1,360.0,0.25,IDHmut_TP53wt,105,0,3.6371091761855667,-2.4351531165646603,84.4347160548335,17.320274003534553
co_mixed,20260913,10.0,2,720.0,0.5,IDHmut_TP53mut,114,0,0.8833406667715644,4.092407214892983,87.62864932125403,17.288769171360958
co_mixed,20260913,10.0,2,720.0,0.5,IDHmut_TP53wt,114,1,6.5256729365910795,-4.2223429206157395,88.82288140803472,17.288769171360958
co_mixed,20260913,10.0,3,1080.0,0.75,IDHmut_TP53mut,125,0,3.214370210698161,4.257134624523726,90.52220222651063,16.735181079522075
co_mixed,20260913,10.0,3,1080.0,0.75,IDHmut_TP53wt,120,1,7.245812032157505,-2.845490747486151,91.95087301893287,16.735181079522075
co_mixed,20260913,10.0,4,1440.0,1.0,IDHmut_TP53mut,138,0,5.762002546910191,2.9325416225068945,95.83948916476048,16.282865121385754
co_mixed,20260913,10.0,4,1440.0,1.0,IDHmut_TP53wt,128,0,9.862906173891982,-2.9447003380656045,95.92319876938775,16.282865121385754
co_mixed,20260913,10.0,5,1800.0,1.25,IDHmut_TP53mut,150,0,9.112795518699146,4.078996949135002,99.83744002054809,15.671464528392077
co_mixed,20260913,10.0,5,1800.0,1.25,IDHmut_TP53wt,131,4,9.613193298267412,-6.081531475626167,98.19850959154591,15.671464528392077
co_mixed,20260913,10.0,6,2160.0,1.5,IDHmut_TP53mut,163,0,10.407871582896707,2.139423617547335,103.23407043890877,15.142870139292679
co_mixed,20260913,10.0,6,2160.0,1.5,IDHmut_TP53wt,139,3,9.816757935705397,-6.364139998468148,101.76888177211077,15.142870139292679
co_mixed,20260913,10.0,7,2520.0,1.75,IDHmut_TP53mut,171,0,10.211779126063393,2.125542138321911,105.40645924496953,14.737400649235754
co_mixed,20260913,10.0,7,2520.0,1.75,IDHmut_TP53wt,142,2,11.192089347654234,-8.212525405063591,105.37029337511919,14.737400649235754
co_mixed,20260913,10.0,8,2880.0,2.0,IDHmut_TP53mut,182,0,9.121731519300395,3.3910153511753895,109.44102752475973,14.637097583511654
co_mixed,20260913,10.0,8,2880.0,2.0,IDHmut_TP53wt,148,4,8.131759274821727,-7.453830822676305,107.6425738368496,14.637097583511654
co_mixed,20260913,10.0,9,3240.0,2.25,IDHmut_TP53mut,197,0,10.664313066055854,4.629528379141741,112.63394203096009,14.142263515057692
co_mixed,20260913,10.0,9,3240.0,2.25,IDHmut_TP53wt,152,3,8.946937052052824,-5.807266488996095,109.7169617074609,14.142263515057692
co_mixed,20260913,10.0,10,3600.0,2.5,IDHmut_TP53mut,204,1,12.211959922904857,5.224274410191241,115.30122117394482,13.854918775733879
co_mixed,20260913,10.0,10,3600.0,2.5,IDHmut_TP53wt,157,3,8.539656600470916,-3.9003663671786373,112.68940220964403,13.854918775733879
co_mixed,20260913,10.0,11,3960.0,2.75,IDHmut_TP53mut,212,0,12.132025730053108,5.493280913797622,117.77527315695947,13.629684220472214
co_mixed,20260913,10.0,11,3960.0,2.75,IDHmut_TP53wt,162,4,8.04950204022748,-2.2687896799153116,114.75227724318782,13.629684220472214
co_mixed,20260913,10.0,12,4320.0,3.0,IDHmut_TP53mut,227,1,13.085563769795206,7.201959474271672,119.98442649570511,13.489136763565357
co_mixed,20260913,10.0,12,4320.0,3.0,IDHmut_TP53wt,155,10,4.754387228931128,-3.5669644015913455,115.89844956434689,13.489136763565357
co_mixed,20260913,10.0,13,4680.0,3.25,IDHmut_TP53mut,236,2,11.904239293280668,6.071122140829818,121.65233651935453,13.289417503180118
co_mixed,20260913,10.0,13,4680.0,3.25,IDHmut_TP53wt,159,6,5.402195055339688,-2.16906479168284,117.67455557848852,13.289417503180118
co_mixed,20260913,10.0,14,5040.0,3.5,IDHmut_TP53mut,250,1,12.253093739608826,5.671922723444206,123.34299100762382,13.1097780637591
co_mixed,20260913,10.0,14,5040.0,3.5,IDHmut_TP53wt,168,3,1.9916757363531905,-1.987157951901936,119.03402362435459,13.1097780637591
co_mixed,20260913,10.0,15,5400.0,3.75,IDHmut_TP53mut,264,0,13.43514588681995,7.1556421930986565,125.31456766891972,12.92055560112383
co_mixed,20260913,10.0,15,5400.0,3.75,IDHmut_TP53wt,171,5,-0.7902113505277001,0.22788340405524163,120.44103900597835,12.92055560112383
co_mixed,20260913,10.0,16,5760.0,4.0,IDHmut_TP53mut,273,1,12.719803936966018,6.523584059871979,127.77888491846201,12.447562880099586
co_mixed,20260913,10.0,16,5760.0,4.0,IDHmut_TP53wt,175,6,-2.9289095606507654,2.2860352343527284,122.39113369026221,12.447562880099586
co_mixed,20260913,10.0,17,6120.0,4.25,IDHmut_TP53mut,287,1,12.503996076631397,6.830534519436886,130.3159583396875,12.227627482198937
co_mixed,20260913,10.0,17,6120.0,4.25,IDHmut_TP53wt,177,4,-2.808707925301236,1.143790826714165,124.59272969250705,12.227627482198937
co_mixed,20260913,10.0,18,6480.0,4.5,IDHmut_TP53mut,303,1,13.519186047588237,4.72193462191885,133.439698016328,11.894238504057194
co_mixed,20260913,10.0,18,6480.0,4.5,IDHmut_TP53wt,189,3,-3.024774589121031,2.6233091940975672,126.89946440383062,11.894238504057194
co_mixed,20260913,10.0,19,6840.0,4.75,IDHmut_TP53mut,319,2,11.537185343953091,3.9678948668352176,135.81240452952412,11.56044473187686
co_mixed,20260913,10.0,19,6840.0,4.75,IDHmut_TP53wt,193,5,-4.3770978212615255,2.485496351767746,129.11818971501583,11.56044473187686
co_mixed,20260913,10.0,20,7200.0,5.0,IDHmut_TP53mut,328,3,11.083679537891578,2.870933370421887,138.5611074904914,11.526459316203566
co_mixed,20260913,10.0,20,7200.0,5.0,IDHmut_TP53wt,197,7,-6.187362971142504,1.9156400558496292,132.45477790631196,11.526459316203566
co_mixed,20260913,10.0,21,7560.0,5.25,IDHmut_TP53mut,345,5,12.001175613603456,4.789906057054717,141.35299990149196,11.21698205458496
co_mixed,20260913,10.0,21,7560.0,5.25,IDHmut_TP53wt,206,2,-6.026926840310821,2.4092243866849494,135.31996591468163,11.21698205458496
co_mixed,20260913,10.0,22,7920.0,5.5,IDHmut_TP53mut,357,3,11.863528156745069,4.339305843699052,143.30411489812846,11.136829231655915
co_mixed,20260913,10.0,22,7920.0,5.5,IDHmut_TP53wt,210,5,-7.740295048191454,-0.2175528970205015,138.27551869086471,11.136829231655915
co_mixed,20260914,10.0,0,0.0,0.0,IDHmut_TP53mut,100,0,2.624401,1.455673,35.515855391572224,38.0
co_mixed,20260914,10.0,0,0.0,0.0,IDHmut_TP53wt,100,0,-1.7050800000000004,-1.4142100000000002,34.64555327301182,38.0
co_mixed,20260914,10.0,1,360.0,0.25,IDHmut_TP53mut,102,0,5.736875157408094,3.4705910482892866,83.72002463263912,17.475439331643894
co_mixed,20260914,10.0,1,360.0,0.25,IDHmut_TP53wt,102,2,-4.798233850341159,-2.911374019504999,82.99893555840958,17.475439331643894
co_mixed,20260914,10.0,2,720.0,0.5,IDHmut_TP53mut,106,0,6.35089281464667,3.675108997899818,87.11809781407274,17.41292970142796
co_mixed,20260914,10.0,2,720.0,0.5,IDHmut_TP53wt,108,2,-3.791478884382636,-2.661917121882316,86.23197590380944,17.41292970142796
co_mixed,20260914,10.0,3,1080.0,0.75,IDHmut_TP53mut,115,0,6.594208732471561,6.268765025209458,89.88868794631317,17.226500438179734
co_mixed,20260914,10.0,3,1080.0,0.75,IDHmut_TP53wt,112,1,-2.7581276745623993,-1.5717304119599826,88.95666214735853,17.226500438179734
co_mixed,20260914,10.0,4,1440.0,1.0,IDHmut_TP53mut,121,0,7.760824921262464,6.933046096850616,92.03724805993812,16.78988062587108
co_mixed,20260914,10.0,4,1440.0,1.0,IDHmut_TP53wt,118,2,-3.671953030056776,-1.9282378538133522,91.80439990177979,16.78988062587108
co_mixed,20260914,10.0,5,1800.0,1.25,IDHmut_TP53mut,128,0,7.685406255989064,4.501588249802895,95.72152379753841,16.58084811653834
co_mixed,20260914,10.0,5,1800.0,1.25,IDHmut_TP53wt,122,6,-1.8497927976801587,-1.7779358722789167,95.53384549066602,16.58084811653834
co_mixed,20260914,10.0,6,2160.0,1.5,IDHmut_TP53mut,140,0,7.474688726849816,1.4864880933438032,98.91332542301976,16.08438075401361
co_mixed,20260914,10.0,6,2160.0,1.5,IDHmut_TP53wt,124,4,0.5767533775996896,0.2792515601968392,97.1430064500832,16.08438075401361
co_mixed,20260914,10.0,7,2520.0,1.75,IDHmut_TP53mut,145,0,7.670866680088122,2.7519190158180207,101.59374695565097,15.64548878222772
co_mixed,20260914,10.0,7,2520.0,1.75,IDHmut_TP53wt,135,1,-0.2981866437538109,-1.7375249468981553,99.21696258976944,15.64548878222772
co_mixed,20260914,10.0,8,2880.0,2.0,IDHmut_TP53mut,153,0,6.929911097257997,2.673626975601146,104.0770808397454,15.374372022861678
co_mixed,20260914,10.0,8,2880.0,2.0,IDHmut_TP53wt,138,3,-2.5537338739580657,-0.49270738342290377,101.8386698508076,15.374372022861678
co_mixed,20260914,10.0,9,3240.0,2.25,IDHmut_TP53mut,160,0,6.458366274332084,0.8395896798076864,105.79440209089809,15.087285773249036
co_mixed,20260914,10.0,9,3240.0,2.25,IDHmut_TP53wt,143,5,-2.6115664421668727,2.6334822904257886,102.58378530214416,15.087285773249036
co_mixed,20260914,10.0,10,3600.0,2.5,IDHmut_TP53mut,165,0,6.619787480124162,1.1202063202161825,108.12963956224284,14.818191955951283
co_mixed,20260914,10.0,10,3600.0,2.5,IDHmut_TP53wt,147,5,-3.785946019317132,5.022578786408184,104.471940094839,14.818191955951283
co_mixed,20260914,10.0,11,3960.0,2.75,IDHmut_TP53mut,170,0,4.754857648156147,1.6489947980780417,110.68980325454018,14.55077844054464
co_mixed,20260914,10.0,11,3960.0,2.75,IDHmut_TP53wt,155,2,-3.043478890543472,3.821812208786668,106.71308580631148,14.55077844054464
co_mixed,20260914,10.0,12,4320.0,3.0,IDHmut_TP53mut,176,0,5.447721198828658,0.6419416418424,113.29639729954089,14.36631566478818
co_mixed,20260914,10.0,12,4320.0,3.0,IDHmut_TP53wt,159,3,-1.7799002573817653,2.5430670535317432,108.2878794855947,14.36631566478818
co_mixed,20260914,10.0,13,4680.0,3.25,IDHmut_TP53mut,189,0,6.019334025180591,2.4567809738066915,115.74136654291506,14.108895395452818
co_mixed,20260914,10.0,13,4680.0,3.25,IDHmut_TP53wt,162,2,-3.261037439429308,1.312085150152802,110.62615588832102,14.108895395452818
co_mixed,20260914,10.0,14,5040.0,3.5,IDHmut_TP53mut,195,0,6.008216089325854,1.9557359391527287,117.48885758333078,13.939106619411728
co_mixed,20260914,10.0,14,5040.0,3.5,IDHmut_TP53wt,167,2,-4.810062270889368,1.4004695221994055,112.85095550014641,13.939106619411728
co_mixed,20260914,10.0,15,5400.0,3.75,IDHmut_TP53mut,208,0,5.834106961208045,1.6143287573278902,119.88879008307302,13.744846329029452
co_mixed,20260914,10.0,15,5400.0,3.75,IDHmut_TP53wt,172,6,-5.909453225904455,3.9533495638970093,114.38754592872405,13.744846329029452
co_mixed,20260914,10.0,16,5760.0,4.0,IDHmut_TP53mut,224,0,3.0178042419919726,5.480935199796318,122.74597464744859,13.118939129774132
co_mixed,20260914,10.0,16,5760.0,4.0,IDHmut_TP53wt,181,6,-2.881213228756739,2.4001718009050763,117.77830985088993,13.118939129774132
co_mixed,20260914,10.0,17,6120.0,4.25,IDHmut_TP53mut,240,0,2.115468831788888,6.446371404367288,126.0467479814689,13.003786763387483
co_mixed,20260914,10.0,17,6120.0,4.25,IDHmut_TP53wt,182,8,-3.2833059426810327,2.1464551401844694,120.8821690555451,13.003786763387483
co_mixed,20260914,10.0,18,6480.0,4.5,IDHmut_TP53mut,254,0,0.32250092157077737,6.302399492770451,128.2157839327905,12.559726387658745
co_mixed,20260914,10.0,18,6480.0,4.5,IDHmut_TP53wt,189,5,-1.4343871864441071,3.590233719942634,122.24811122789012,12.559726387658745
co_mixed,20260914,10.0,19,6840.0,4.75,IDHmut_TP53mut,268,0,-0.5278354175491522,5.6437939081039366,129.47572778600536,12.530828686507368
co_mixed,20260914,10.0,19,6840.0,4.75,IDHmut_TP53wt,198,6,-0.9254065479219171,2.0539073444706424,127.17158129191222,12.530828686507368
co_mixed,20260914,10.0,20,7200.0,5.0,IDHmut_TP53mut,285,1,-0.528867468739598,3.7725733961997303,131.13300698934694,11.826372760864903
co_mixed,20260914,10.0,20,7200.0,5.0,IDHmut_TP53wt,207,4,-2.463217182724014,-0.9863626070241722,128.87342712043437,11.826372760864903
co_mixed,20260914,10.0,21,7560.0,5.25,IDHmut_TP53mut,311,2,-3.6308919952322065,3.6772480940597614,134.46870015257065,11.47585466125946
co_mixed,20260914,10.0,21,7560.0,5.25,IDHmut_TP53wt,212,6,-4.7607351558995115,1.1328946745023696,132.4796054650254,11.47585466125946
co_mixed,20260914,10.0,22,7920.0,5.5,IDHmut_TP53mut,327,2,-3.0926947237870177,2.2668840278619315,138.32535167008217,11.143580521195332
co_mixed,20260914,10.0,22,7920.0,5.5,IDHmut_TP53wt,216,9,-4.654923269185604,-0.25586197596444055,136.57830956942962,11.143580521195332
co_mixed,20260915,10.0,0,0.0,0.0,IDHmut_TP53mut,100,0,-2.5330389999999996,0.33505199999999924,35.1467223511962,38.0
co_mixed,20260915,10.0,0,0.0,0.0,IDHmut_TP53wt,100,0,-1.5616160000000001,1.3938840000000006,35.16574942903233,38.0
co_mixed,20260915,10.0,1,360.0,0.25,IDHmut_TP53mut,104,0,-3.3441376332205275,-2.280462571658755,84.70385794059068,17.517091417609723
co_mixed,20260915,10.0,1,360.0,0.25,IDHmut_TP53wt,104,4,-1.8428573750435904,3.018211371913127,82.76802111419329,17.517091417609723
co_mixed,20260915,10.0,2,720.0,0.5,IDHmut_TP53mut,106,1,-5.359672697596611,-2.6957759381326722,88.25716135885823,17.34292701365839
co_mixed,20260915,10.0,2,720.0,0.5,IDHmut_TP53wt,109,4,-2.732289511691124,4.133384789325569,86.50594465622791,17.34292701365839
co_mixed,20260915,10.0,3,1080.0,0.75,IDHmut_TP53mut,111,1,-6.849353623100066,-5.035999896131223,91.37707658897358,17.222687167154152
co_mixed,20260915,10.0,3,1080.0,0.75,IDHmut_TP53wt,112,2,-3.7343225643157063,3.2840941534637307,89.28924801907516,17.222687167154152
co_mixed,20260915,10.0,4,1440.0,1.0,IDHmut_TP53mut,117,0,-7.145411599003928,-5.899818230134167,93.59190256303306,17.44137356240234
co_mixed,20260915,10.0,4,1440.0,1.0,IDHmut_TP53wt,116,1,-4.288642488828253,1.5725156636405617,92.46592322743777,17.44137356240234
co_mixed,20260915,10.0,5,1800.0,1.25,IDHmut_TP53mut,123,0,-7.825216376518579,-8.048234310165343,94.59688912846468,17.333487974175963
co_mixed,20260915,10.0,5,1800.0,1.25,IDHmut_TP53wt,122,1,-4.594233566219604,0.2694535128512371,93.99466176463496,17.333487974175963
co_mixed,20260915,10.0,6,2160.0,1.5,IDHmut_TP53mut,128,1,-8.565407653120669,-6.759648573995351,96.11299714623448,16.4164473895333
co_mixed,20260915,10.0,6,2160.0,1.5,IDHmut_TP53wt,132,2,-4.1637758370258044,2.8610833265490485,96.84971345288153,16.4164473895333
co_mixed,20260915,10.0,7,2520.0,1.75,IDHmut_TP53mut,137,2,-5.924763724656757,-4.775187871033812,99.38793684970501,16.011011166415162
co_mixed,20260915,10.0,7,2520.0,1.75,IDHmut_TP53wt,140,2,-1.1319566246157606,1.931954143390835,100.03599682093176,16.011011166415162
co_mixed,20260915,10.0,8,2880.0,2.0,IDHmut_TP53mut,149,0,-8.018105546775747,-3.514895745204319,102.60885936902352,15.667995369113191
co_mixed,20260915,10.0,8,2880.0,2.0,IDHmut_TP53wt,143,4,-2.6879129363565513,1.7308182672855972,102.0692723215746,15.667995369113191
co_mixed,20260915,10.0,9,3240.0,2.25,IDHmut_TP53mut,160,0,-9.931333208839192,-2.6253081674424266,105.34258350113097,15.373208054712688
co_mixed,20260915,10.0,9,3240.0,2.25,IDHmut_TP53wt,150,3,-5.949432797373114,2.860822147501173,104.86904659334759,15.373208054712688
co_mixed,20260915,10.0,10,3600.0,2.5,IDHmut_TP53mut,166,0,-11.190765727260324,-3.116369411656147,107.25341940051277,14.657283997812444
co_mixed,20260915,10.0,10,3600.0,2.5,IDHmut_TP53wt,155,3,-7.738763463367298,1.2468615043555986,107.07415112650115,14.657283997812444
co_mixed,20260915,10.0,11,3960.0,2.75,IDHmut_TP53mut,170,2,-12.064886073294996,-3.2627885313966076,109.98446291118383,14.294846767714871
co_mixed,20260915,10.0,11,3960.0,2.75,IDHmut_TP53wt,166,1,-6.578160238457058,0.8284587716895818,110.11808080372406,14.294846767714871
co_mixed,20260915,10.0,12,4320.0,3.0,IDHmut_TP53mut,184,1,-12.927489422468991,0.06801535356863761,112.52396245585685,14.135601820785098
co_mixed,20260915,10.0,12,4320.0,3.0,IDHmut_TP53wt,166,7,-6.91258734528983,-0.39323939677778474,112.47441528405923,14.135601820785098
co_mixed,20260915,10.0,13,4680.0,3.25,IDHmut_TP53mut,190,2,-13.064377133198992,-1.8685666772890366,114.86889611256984,13.876320041147649
co_mixed,20260915,10.0,13,4680.0,3.25,IDHmut_TP53wt,174,6,-5.822576823344551,-1.467724293907772,115.09543180814565,13.876320041147649
co_mixed,20260915,10.0,14,5040.0,3.5,IDHmut_TP53mut,200,1,-13.692216948414982,-2.2665200046019622,116.6389541470235,13.723137383050576
co_mixed,20260915,10.0,14,5040.0,3.5,IDHmut_TP53wt,177,5,-2.2490256005076277,-0.7864241288061231,116.87264466623704,13.723137383050576
co_mixed,20260915,10.0,15,5400.0,3.75,IDHmut_TP53mut,218,0,-11.627829332021216,-2.8025298484900403,119.46099616965482,13.501509358400398
co_mixed,20260915,10.0,15,5400.0,3.75,IDHmut_TP53wt,182,5,-0.8824892316178741,0.8567534985191985,119.27648235558847,13.501509358400398
co_mixed,20260915,10.0,16,5760.0,4.0,IDHmut_TP53mut,229,0,-11.107097741284907,-3.477283318796343,121.78519496437326,13.118754502133998
co_mixed,20260915,10.0,16,5760.0,4.0,IDHmut_TP53wt,187,5,-2.240954448462491,-0.03862270146272912,122.30005733427964,13.118754502133998
co_mixed,20260915,10.0,17,6120.0,4.25,IDHmut_TP53mut,241,1,-12.436610617325746,-4.881029905061923,124.43797425878607,12.705361996218565
co_mixed,20260915,10.0,17,6120.0,4.25,IDHmut_TP53wt,191,4,-3.282811828871244,0.4392717492157922,125.21609617885339,12.705361996218565
co_mixed,20260915,10.0,18,6480.0,4.5,IDHmut_TP53mut,254,0,-12.32129588546049,-4.534864779337376,126.59233396661104,12.45139860470362
co_mixed,20260915,10.0,18,6480.0,4.5,IDHmut_TP53wt,200,8,-2.892587199938063,0.7496796246800134,129.80264682641507,12.45139860470362
co_mixed,20260915,10.0,19,6840.0,4.75,IDHmut_TP53mut,272,0,-12.657572302883338,-6.378229064095151,128.16590521760324,12.161684517532626
co_mixed,20260915,10.0,19,6840.0,4.75,IDHmut_TP53wt,202,9,-0.5930658738557978,-1.9389821241445417,132.97189282841768,12.161684517532626
co_mixed,20260915,10.0,20,7200.0,5.0,IDHmut_TP53mut,294,1,-13.038875805326258,-6.324722282860268,131.4603572970286,11.768740953113431
co_mixed,20260915,10.0,20,7200.0,5.0,IDHmut_TP53wt,212,7,-0.48455235140007186,-2.329522414927191,135.13634718695633,11.768740953113431
co_mixed,20260915,10.0,21,7560.0,5.25,IDHmut_TP53mut,313,1,-12.381875731467293,-7.902193175711872,134.53946347070794,11.295531815773609
co_mixed,20260915,10.0,21,7560.0,5.25,IDHmut_TP53wt,224,2,0.20187652420268773,-3.1916380104871567,137.76559543213318,11.295531815773609
co_mixed,20260915,10.0,22,7920.0,5.5,IDHmut_TP53mut,329,1,-12.788857155374869,-8.492956645763261,137.70795165926202,10.973446635870953
co_mixed,20260915,10.0,22,7920.0,5.5,IDHmut_TP53wt,231,6,3.4917599469585774,-0.4729895261334831,140.51337411476436,10.973446635870953
co_mixed,20260916,10.0,0,0.0,0.0,IDHmut_TP53mut,100,0,1.6092150000000003,-2.5661479999999997,34.79401975909037,38.0
co_mixed,20260916,10.0,0,0.0,0.0,IDHmut_TP53wt,100,0,-1.01628,-2.0574889999999995,35.72452967036766,38.0
co_mixed,20260916,10.0,1,360.0,0.25,IDHmut_TP53mut,104,1,8.11414816252501,-4.307050303166491,81.79901553067172,17.453746254109255
co_mixed,20260916,10.0,1,360.0,0.25,IDHmut_TP53wt,104,1,-2.8261747324055166,-1.1644794472256665,84.90107714119503,17.453746254109255
co_mixed,20260916,10.0,2,720.0,0.5,IDHmut_TP53mut,112,2,7.573607682811546,-5.405990279861392,86.24201090722045,17.496481365078786
co_mixed,20260916,10.0,2,720.0,0.5,IDHmut_TP53wt,109,6,2.0334862833382106,1.0857002694051547,88.7547763246806,17.496481365078786
co_mixed,20260916,10.0,3,1080.0,0.75,IDHmut_TP53mut,117,0,7.169130187111542,-4.4414675534373,89.51584646937474,16.64242837775974
co_mixed,20260916,10.0,3,1080.0,0.75,IDHmut_TP53wt,117,4,1.5031888013691337,1.6654210346038922,92.06014565849682,16.64242837775974
co_mixed,20260916,10.0,4,1440.0,1.0,IDHmut_TP53mut,121,2,6.4805615828372085,-2.0540489437195175,92.66561811870756,16.706050380462433
co_mixed,20260916,10.0,4,1440.0,1.0,IDHmut_TP53wt,117,4,-0.038166479593520715,1.5842574626385404,93.64695775922455,16.706050380462433
co_mixed,20260916,10.0,5,1800.0,1.25,IDHmut_TP53mut,129,0,5.9099578032957965,-4.386787255491509,96.04514411463167,16.62394779783984
co_mixed,20260916,10.0,5,1800.0,1.25,IDHmut_TP53wt,125,5,0.7539008692699289,-0.995386060313812,95.6819234753657,16.62394779783984
co_mixed,20260916,10.0,6,2160.0,1.5,IDHmut_TP53mut,135,0,5.0064247508525535,-4.54721832865807,97.75239934491852,16.157570649576623
co_mixed,20260916,10.0,6,2160.0,1.5,IDHmut_TP53wt,131,6,-3.26928795049764,-0.9748548997745144,98.49867967514068,16.157570649576623
co_mixed,20260916,10.0,7,2520.0,1.75,IDHmut_TP53mut,143,0,4.487237941575004,-5.3985078248851535,99.10192231877063,15.584511859568817
co_mixed,20260916,10.0,7,2520.0,1.75,IDHmut_TP53wt,137,3,-5.229197530412373,0.6294180506026021,99.53802077581409,15.584511859568817
co_mixed,20260916,10.0,8,2880.0,2.0,IDHmut_TP53mut,153,1,4.654478672144562,-6.592066944759748,101.54992181947199,15.292009884795123
co_mixed,20260916,10.0,8,2880.0,2.0,IDHmut_TP53wt,138,4,-5.94599330883834,0.6388136984562648,102.94391465480267,15.292009884795123
co_mixed,20260916,10.0,9,3240.0,2.25,IDHmut_TP53mut,163,1,2.6342602828338557,-3.882625012923796,103.71688561552455,15.157983977906907
co_mixed,20260916,10.0,9,3240.0,2.25,IDHmut_TP53wt,146,4,-4.373619396940941,3.0469666935612754,105.45912173374674,15.157983977906907
co_mixed,20260916,10.0,10,3600.0,2.5,IDHmut_TP53mut,172,0,2.311625788028039,-2.128274595737116,106.87976105718464,14.758365235388847
co_mixed,20260916,10.0,10,3600.0,2.5,IDHmut_TP53wt,159,4,-4.289091206264862,6.267501490232028,108.23789360036278,14.758365235388847
co_mixed,20260916,10.0,11,3960.0,2.75,IDHmut_TP53mut,175,0,2.281434605452208,-2.374110598908556,109.3134623439249,14.424976042097025
co_mixed,20260916,10.0,11,3960.0,2.75,IDHmut_TP53wt,164,5,-3.467430450374802,7.233518773495145,111.95239357559826,14.424976042097025
co_mixed,20260916,10.0,12,4320.0,3.0,IDHmut_TP53mut,184,0,4.306045225721747,-1.1184325912373925,111.99729292401574,14.07559770707093
co_mixed,20260916,10.0,12,4320.0,3.0,IDHmut_TP53wt,169,6,-3.644759783176873,7.2650836264897904,113.22848294317872,14.07559770707093
co_mixed,20260916,10.0,13,4680.0,3.25,IDHmut_TP53mut,190,0,3.518824532786988,-1.8406682923701527,114.07665043358091,13.871944596658052
co_mixed,20260916,10.0,13,4680.0,3.25,IDHmut_TP53wt,174,3,-4.221583807594581,8.381811267440261,115.95633064873797,13.871944596658052
co_mixed,20260916,10.0,14,5040.0,3.5,IDHmut_TP53mut,200,0,3.094697349369195,-2.4417651931550775,115.25320391986264,13.74951983077139
co_mixed,20260916,10.0,14,5040.0,3.5,IDHmut_TP53wt,177,3,-4.34615213522913,6.109764190563377,118.50428625174582,13.74951983077139
co_mixed,20260916,10.0,15,5400.0,3.75,IDHmut_TP53mut,214,0,3.580808287990667,-1.182426779435939,116.7028848991902,13.304086157436553
co_mixed,20260916,10.0,15,5400.0,3.75,IDHmut_TP53wt,183,3,-4.074442809560426,5.23583515576007,121.37034678192079,13.304086157436553
co_mixed,20260916,10.0,16,5760.0,4.0,IDHmut_TP53mut,225,1,2.5622499150097178,-1.5437846693754802,119.33214214577734,13.051518288899452
co_mixed,20260916,10.0,16,5760.0,4.0,IDHmut_TP53wt,190,4,-4.999724663435334,2.7724726381125024,123.86051936198602,13.051518288899452
co_mixed,20260916,10.0,17,6120.0,4.25,IDHmut_TP53mut,236,0,3.168120913239509,-3.004960654437308,120.6229037989478,12.632480084980324
co_mixed,20260916,10.0,17,6120.0,4.25,IDHmut_TP53wt,197,5,-2.7120110157923136,1.7963757045121782,126.67778138124606,12.632480084980324
co_mixed,20260916,10.0,18,6480.0,4.5,IDHmut_TP53mut,254,0,3.68237001274852,-2.6429295736095337,123.45597178245377,12.372493779122072
co_mixed,20260916,10.0,18,6480.0,4.5,IDHmut_TP53wt,198,9,-2.7618856345483955,1.292931558000893,128.85225317045453,12.372493779122072
co_mixed,20260916,10.0,19,6840.0,4.75,IDHmut_TP53mut,270,0,5.451307242632769,-3.448508746672262,125.17262986211394,12.04331462460356
co_mixed,20260916,10.0,19,6840.0,4.75,IDHmut_TP53wt,210,6,-2.34900854100311,-0.645489354754571,132.8993516152371,12.04331462460356
co_mixed,20260916,10.0,20,7200.0,5.0,IDHmut_TP53mut,281,1,8.379075892921325,-4.522711080871749,128.50725393686616,11.717643793108723
co_mixed,20260916,10.0,20,7200.0,5.0,IDHmut_TP53wt,218,4,-2.7606448134590025,-0.9256644045937767,137.47324376654433,11.717643793108723
co_mixed,20260916,10.0,21,7560.0,5.25,IDHmut_TP53mut,297,1,6.432863906502647,-5.548897684285453,131.33025049743884,11.467033447761509
co_mixed,20260916,10.0,21,7560.0,5.25,IDHmut_TP53wt,226,6,-2.3641433327180086,-0.30302573498812335,140.5596578296656,11.467033447761509
co_mixed,20260916,10.0,22,7920.0,5.5,IDHmut_TP53mut,314,1,7.18793191925933,-4.303155530754408,133.6438496381465,11.405684888341312
co_mixed,20260916,10.0,22,7920.0,5.5,IDHmut_TP53wt,228,6,-2.6721521366911527,-2.1224277719564713,143.33286463578688,11.405684888341312
co_separated,20260907,10.0,0,0.0,0.0,IDHmut_TP53mut,100,0,203.36219499999999,0.39543299999999976,35.83148571563404,38.0
co_separated,20260907,10.0,0,0.0,0.0,IDHmut_TP53wt,100,0,-197.942296,-4.816306,32.79986457934161,38.0
co_separated,20260907,10.0,1,360.0,0.25,IDHmut_TP53mut,108,0,202.0848446925879,-1.0341157881756182,61.808235962794214,20.716671480007207
co_separated,20260907,10.0,1,360.0,0.25,IDHmut_TP53wt,103,3,-200.0298562659641,-5.751911295739359,61.06653018826477,20.716671480007207
co_separated,20260907,10.0,2,720.0,0.5,IDHmut_TP53mut,113,0,201.57790656328706,-0.6401426261433273,64.17531189806759,20.581478867637358
co_separated,20260907,10.0,2,720.0,0.5,IDHmut_TP53wt,110,3,-199.18697308201266,-5.280597586240162,63.2859564904773,20.581478867637358
co_separated,20260907,10.0,3,1080.0,0.75,IDHmut_TP53mut,113,0,201.5786284715393,-0.6398359387950109,64.73622194640623,20.62168966683444
co_separated,20260907,10.0,3,1080.0,0.75,IDHmut_TP53wt,110,3,-199.82644251629844,-4.6928630805635265,65.07443636537914,20.62168966683444
co_separated,20260907,10.0,4,1440.0,1.0,IDHmut_TP53mut,121,0,201.88426480712812,-0.07438424583249283,66.5736364245583,20.077326973271298
co_separated,20260907,10.0,4,1440.0,1.0,IDHmut_TP53wt,115,3,-199.21029896451086,-5.723956114902791,66.69832905363083,20.077326973271298
co_separated,20260907,10.0,5,1800.0,1.25,IDHmut_TP53mut,128,0,200.88534487838078,-1.331125920193383,69.00401542926417,19.74529098053078
co_separated,20260907,10.0,5,1800.0,1.25,IDHmut_TP53wt,117,3,-198.33505676707316,-3.9035492478119482,68.09439143028249,19.74529098053078
co_separated,20260907,10.0,6,2160.0,1.5,IDHmut_TP53mut,135,0,201.28850372369047,-1.002341098197992,70.90600498481604,19.416995382574243
co_separated,20260907,10.0,6,2160.0,1.5,IDHmut_TP53wt,122,2,-197.37051443447345,-3.0376854748992526,68.95103301892836,19.416995382574243
co_separated,20260907,10.0,7,2520.0,1.75,IDHmut_TP53mut,140,0,201.86292315765334,-0.31783311635469147,72.23499224603991,19.19893563893642
co_separated,20260907,10.0,7,2520.0,1.75,IDHmut_TP53wt,128,5,-200.36983227519812,-5.4890544484342545,70.37756128800002,19.19893563893642
co_separated,20260907,10.0,8,2880.0,2.0,IDHmut_TP53mut,146,0,203.65575799645433,0.11386408793118383,74.11190742797825,18.89645638462169
co_separated,20260907,10.0,8,2880.0,2.0,IDHmut_TP53wt,132,5,-200.01502333715328,-5.485851046673438,72.08983108680607,18.89645638462169
co_separated,20260907,10.0,9,3240.0,2.25,IDHmut_TP53mut,155,0,203.9121442635427,0.5329901771132156,76.05345044378113,18.561356126169663
co_separated,20260907,10.0,9,3240.0,2.25,IDHmut_TP53wt,142,5,-198.99437205418198,-4.9085297479228265,73.84252650284242,18.561356126169663
co_separated,20260907,10.0,10,3600.0,2.5,IDHmut_TP53mut,167,0,203.19040530398254,-1.968616945338066,78.54644343635212,18.115506983108432
co_separated,20260907,10.0,10,3600.0,2.5,IDHmut_TP53wt,149,4,-198.8744377024772,-4.268871605521569,75.22226552100672,18.115506983108432
co_separated,20260907,10.0,11,3960.0,2.75,IDHmut_TP53mut,175,1,202.95485929281298,-0.9962612116025499,80.84172619363503,17.62537135642486
co_separated,20260907,10.0,11,3960.0,2.75,IDHmut_TP53wt,155,3,-200.14824691801022,-5.406124547733061,76.13753268604141,17.62537135642486
co_separated,20260907,10.0,12,4320.0,3.0,IDHmut_TP53mut,183,0,203.83954309498165,-1.842783629729386,82.14821183691653,17.58069317496749
co_separated,20260907,10.0,12,4320.0,3.0,IDHmut_TP53wt,168,4,-199.98555025762576,-3.821577254215037,78.80750918793898,17.58069317496749
co_separated,20260907,10.0,13,4680.0,3.25,IDHmut_TP53mut,196,1,204.48218130701846,-4.163503039233991,85.06405099509011,17.188142099062155
co_separated,20260907,10.0,13,4680.0,3.25,IDHmut_TP53wt,178,2,-201.37724453861955,-2.34043820680165,81.80631980586034,17.188142099062155
co_separated,20260907,10.0,14,5040.0,3.5,IDHmut_TP53mut,206,1,205.05481679344197,-4.052848766723015,87.32904121165066,17.07984584673882
co_separated,20260907,10.0,14,5040.0,3.5,IDHmut_TP53wt,179,5,-201.4626174062816,-1.4428511267287056,83.2823417518078,17.07984584673882
co_separated,20260907,10.0,15,5400.0,3.75,IDHmut_TP53mut,217,2,203.88453859729339,-4.421826740508929,89.08366225111536,16.38767785756549
co_separated,20260907,10.0,15,5400.0,3.75,IDHmut_TP53wt,186,3,-202.7101935010503,-1.625528775022779,84.81824720369423,16.38767785756549
co_separated,20260907,10.0,16,5760.0,4.0,IDHmut_TP53mut,227,0,203.846826752925,-4.806441879939184,91.78703953170287,15.865466756715088
co_separated,20260907,10.0,16,5760.0,4.0,IDHmut_TP53wt,197,3,-203.928168236204,-2.5734109206217424,86.72992145824732,15.865466756715088
co_separated,20260907,10.0,17,6120.0,4.25,IDHmut_TP53mut,241,1,202.95994026186494,-3.848023761047863,94.17464017503656,15.392606787075687
co_separated,20260907,10.0,17,6120.0,4.25,IDHmut_TP53wt,208,7,-202.49133999708022,-1.3398372678522916,89.16582732060202,15.392606787075687
co_separated,20260907,10.0,18,6480.0,4.5,IDHmut_TP53mut,259,1,202.44143044963226,-1.278073911583796,97.15207735666161,15.04794108767623
co_separated,20260907,10.0,18,6480.0,4.5,IDHmut_TP53wt,214,3,-201.38780887635684,-1.0648381704153047,90.9147619256641,15.04794108767623
co_separated,20260907,10.0,19,6840.0,4.75,IDHmut_TP53mut,267,1,202.19341305257595,-0.6246294401219051,99.08003989603044,14.714666209025637
co_separated,20260907,10.0,19,6840.0,4.75,IDHmut_TP53wt,220,8,-203.39890242074662,-0.005812517382556528,92.09413262748133,14.714666209025637
co_separated,20260907,10.0,20,7200.0,5.0,IDHmut_TP53mut,278,1,201.26299410052167,0.07987058777376377,100.81446392187148,14.529694624063994
co_separated,20260907,10.0,20,7200.0,5.0,IDHmut_TP53wt,232,4,-203.96916203853044,-1.6699215402829939,94.45856197993663,14.529694624063994
co_separated,20260907,10.0,21,7560.0,5.25,IDHmut_TP53mut,294,2,200.4234822726742,-0.9376185085158517,103.2565371606754,13.991041728296922
co_separated,20260907,10.0,21,7560.0,5.25,IDHmut_TP53wt,242,6,-204.6954962735751,0.6440316534754431,96.69806311943047,13.991041728296922
co_separated,20260907,10.0,22,7920.0,5.5,IDHmut_TP53mut,309,2,199.8956639958105,-2.4125401833462212,104.83674471628434,13.57428245627724
co_separated,20260907,10.0,22,7920.0,5.5,IDHmut_TP53wt,244,8,-203.4851607853501,0.9094790487382569,97.74264160614746,13.57428245627724
co_separated,20260908,10.0,0,0.0,0.0,IDHmut_TP53mut,100,0,201.32205899999997,-2.2695200000000004,34.13213412967931,38.0
co_separated,20260908,10.0,0,0.0,0.0,IDHmut_TP53wt,100,0,-199.02425900000003,6.09182,33.39497368685921,38.0
co_separated,20260908,10.0,1,360.0,0.25,IDHmut_TP53mut,106,0,201.61038627231918,-2.4457765965604725,61.84527430424887,20.923576348832405
co_separated,20260908,10.0,1,360.0,0.25,IDHmut_TP53wt,103,2,-198.4734443407541,3.8710097470632925,61.67014039591997,20.923576348832405
co_separated,20260908,10.0,2,720.0,0.5,IDHmut_TP53mut,109,0,200.9749097929255,-2.73217142448891,63.57334725844321,20.75162340187777
co_separated,20260908,10.0,2,720.0,0.5,IDHmut_TP53wt,106,2,-199.62141624388954,3.2377340670157237,63.7950545255878,20.75162340187777
co_separated,20260908,10.0,3,1080.0,0.75,IDHmut_TP53mut,116,0,199.23105124351284,-3.178948820295698,65.55488100677304,20.597101690883004
co_separated,20260908,10.0,3,1080.0,0.75,IDHmut_TP53wt,112,2,-199.43348307629506,1.3019190699340708,65.04984868762658,20.597101690883004
co_separated,20260908,10.0,4,1440.0,1.0,IDHmut_TP53mut,120,0,200.5476117668944,-4.450299221061573,67.30616644419729,20.268205888046126
co_separated,20260908,10.0,4,1440.0,1.0,IDHmut_TP53wt,116,0,-201.10264687581906,1.026410537829287,66.2724145995962,20.268205888046126
co_separated,20260908,10.0,5,1800.0,1.25,IDHmut_TP53mut,125,0,200.8683097367057,-3.305291784524833,68.84743184866824,19.959726016546508
co_separated,20260908,10.0,5,1800.0,1.25,IDHmut_TP53wt,120,3,-200.3104029676459,-0.9379118124476155,67.8011487067711,19.959726016546508
co_separated,20260908,10.0,6,2160.0,1.5,IDHmut_TP53mut,132,1,201.97692570893977,-4.319242964536348,69.93909895487165,19.7835797368071
co_separated,20260908,10.0,6,2160.0,1.5,IDHmut_TP53wt,131,2,-199.91977509911456,-1.4886468839877858,70.27640261298657,19.7835797368071
co_separated,20260908,10.0,7,2520.0,1.75,IDHmut_TP53mut,139,2,202.01130106797427,-4.321410319577779,71.67264042333761,18.744799262047923
co_separated,20260908,10.0,7,2520.0,1.75,IDHmut_TP53wt,135,1,-199.76589879305496,-1.8749426689711426,72.09630427725969,18.744799262047923
co_separated,20260908,10.0,8,2880.0,2.0,IDHmut_TP53mut,152,1,201.62433266427166,-3.7486441961576165,73.61413826823188,18.74116644299832
co_separated,20260908,10.0,8,2880.0,2.0,IDHmut_TP53wt,140,4,-198.92170477223505,-3.684763391412907,73.64410107752069,18.74116644299832
co_separated,20260908,10.0,9,3240.0,2.25,IDHmut_TP53mut,166,0,204.78462404085502,-4.002528368298118,76.61914728915573,18.106656214624604
co_separated,20260908,10.0,9,3240.0,2.25,IDHmut_TP53wt,145,3,-198.9541177642459,-2.8761607540041725,74.86599657685957,18.106656214624604
co_separated,20260908,10.0,10,3600.0,2.5,IDHmut_TP53mut,172,0,204.9020148327817,-3.6430442099773526,79.13060043081592,17.871608476875682
co_separated,20260908,10.0,10,3600.0,2.5,IDHmut_TP53wt,148,1,-198.5908380041264,-4.26823361242907,76.01284323172086,17.871608476875682
co_separated,20260908,10.0,11,3960.0,2.75,IDHmut_TP53mut,185,0,204.05615467972336,-3.3324282485889034,81.98870336553072,17.77999464024609
co_separated,20260908,10.0,11,3960.0,2.75,IDHmut_TP53wt,157,0,-197.37371694211623,-4.760439609565328,77.60412281118977,17.77999464024609
co_separated,20260908,10.0,12,4320.0,3.0,IDHmut_TP53mut,193,1,203.167331023022,-3.285544916467556,84.37029829295953,17.04030778553635
co_separated,20260908,10.0,12,4320.0,3.0,IDHmut_TP53wt,160,4,-196.4008698462096,-4.39084973245028,78.49529840064268,17.04030778553635
co_separated,20260908,10.0,13,4680.0,3.25,IDHmut_TP53mut,206,0,203.66655328539704,-4.829595969399657,87.1533803961909,16.718676313795132
co_separated,20260908,10.0,13,4680.0,3.25,IDHmut_TP53wt,168,4,-196.7147898477023,-3.5529391703451743,81.0312969870516,16.718676313795132
co_separated,20260908,10.0,14,5040.0,3.5,IDHmut_TP53mut,210,0,204.10074151842295,-5.654748979166119,89.10324945482358,16.401445580326357
co_separated,20260908,10.0,14,5040.0,3.5,IDHmut_TP53wt,171,5,-196.64938653103917,-4.135803341436004,82.40685144752335,16.401445580326357
co_separated,20260908,10.0,15,5400.0,3.75,IDHmut_TP53mut,226,0,205.6322705978096,-5.829346846908856,90.46261001138642,16.32265971633914
co_separated,20260908,10.0,15,5400.0,3.75,IDHmut_TP53wt,170,6,-197.3514881693787,-4.770577110484457,84.59168885281244,16.32265971633914
co_separated,20260908,10.0,16,5760.0,4.0,IDHmut_TP53mut,241,0,206.04276700435005,-6.307842115356626,93.67175102224144,15.816969183421113
co_separated,20260908,10.0,16,5760.0,4.0,IDHmut_TP53wt,177,9,-194.35827222586042,-1.8012195017685593,85.16989591624433,15.816969183421113
co_separated,20260908,10.0,17,6120.0,4.25,IDHmut_TP53mut,261,0,208.86724707489464,-4.515869383899353,96.72801473343321,15.376434228270599
co_separated,20260908,10.0,17,6120.0,4.25,IDHmut_TP53wt,185,6,-196.29087474244926,0.11467808094444819,86.03107084062633,15.376434228270599
co_separated,20260908,10.0,18,6480.0,4.5,IDHmut_TP53mut,276,0,207.98710171853804,-6.112040790349888,99.17111873461054,14.745087377095755
co_separated,20260908,10.0,18,6480.0,4.5,IDHmut_TP53wt,194,7,-197.0840878053166,0.4521465868256445,87.23155465028748,14.745087377095755
co_separated,20260908,10.0,19,6840.0,4.75,IDHmut_TP53mut,292,0,206.91122245631587,-5.37033564675497,101.99823171869839,14.45685670708767
co_separated,20260908,10.0,19,6840.0,4.75,IDHmut_TP53wt,200,3,-197.47038695373266,-0.06827270639457737,88.25316196245149,14.45685670708767
co_separated,20260908,10.0,20,7200.0,5.0,IDHmut_TP53mut,303,3,206.42493727197927,-4.682011762458242,103.78788010434823,14.165638097557503
co_separated,20260908,10.0,20,7200.0,5.0,IDHmut_TP53wt,202,7,-195.70496163582604,0.8127740347966386,89.08388603838569,14.165638097557503
co_separated,20260908,10.0,21,7560.0,5.25,IDHmut_TP53mut,319,1,207.19440671841613,-4.345170861446859,106.3585781288865,13.739067640752195
co_separated,20260908,10.0,21,7560.0,5.25,IDHmut_TP53wt,210,8,-196.98915296395177,-1.588001760192975,90.46207446270544,13.739067640752195
co_separated,20260908,10.0,22,7920.0,5.5,IDHmut_TP53mut,346,0,206.68231677217997,-4.558228430343946,109.34008387405642,13.328111529132842
co_separated,20260908,10.0,22,7920.0,5.5,IDHmut_TP53wt,218,7,-195.70258402555734,0.5637662182984903,91.7490863797573,13.328111529132842
co_separated,20260909,10.0,0,0.0,0.0,IDHmut_TP53mut,100,0,199.67431500000004,-1.6866380000000003,34.76312203917006,38.0
co_separated,20260909,10.0,0,0.0,0.0,IDHmut_TP53wt,100,0,-202.18107900000004,0.542454,33.16974900151256,38.0
co_separated,20260909,10.0,1,360.0,0.25,IDHmut_TP53mut,106,0,199.79588526894213,-2.1142963228296137,60.894834365772745,20.914565999688303
co_separated,20260909,10.0,1,360.0,0.25,IDHmut_TP53wt,99,5,-201.01876281959895,0.6792466134593886,60.32224878204808,20.914565999688303
co_separated,20260909,10.0,2,720.0,0.5,IDHmut_TP53mut,111,1,200.55970587412787,-2.8484006893612928,63.04046888928668,20.781780877183664
co_separated,20260909,10.0,2,720.0,0.5,IDHmut_TP53wt,96,8,-202.4759192542422,-0.47794692462450933,61.320206141895646,20.781780877183664
co_separated,20260909,10.0,3,1080.0,0.75,IDHmut_TP53mut,117,2,199.77063043730143,-0.5406863338631482,65.5093125726437,20.666714833949452
co_separated,20260909,10.0,3,1080.0,0.75,IDHmut_TP53wt,101,4,-202.1282528894374,-1.3615109832448418,62.48760485122933,20.666714833949452
co_separated,20260909,10.0,4,1440.0,1.0,IDHmut_TP53mut,120,0,200.4303792923324,-1.0919079147223156,67.42842507234789,20.32614680833543
co_separated,20260909,10.0,4,1440.0,1.0,IDHmut_TP53wt,106,4,-202.67740619497476,0.37660688246086593,64.75707980361082,20.32614680833543
co_separated,20260909,10.0,5,1800.0,1.25,IDHmut_TP53mut,128,0,200.9725287493781,0.6839143166548236,68.95364517721565,20.09398990876278
co_separated,20260909,10.0,5,1800.0,1.25,IDHmut_TP53wt,107,4,-201.11488443648057,-1.6154778404401107,65.85482952696458,20.09398990876278
co_separated,20260909,10.0,6,2160.0,1.5,IDHmut_TP53mut,133,0,200.4163830742057,0.8952230891783527,71.04017201841798,19.857536692296
co_separated,20260909,10.0,6,2160.0,1.5,IDHmut_TP53wt,108,5,-200.61638143988762,-1.249383623984491,66.36434006523761,19.857536692296
co_separated,20260909,10.0,7,2520.0,1.75,IDHmut_TP53mut,135,0,200.5940453704284,1.0716969552652789,71.64195458218707,19.629745001579096
co_separated,20260909,10.0,7,2520.0,1.75,IDHmut_TP53wt,109,3,-201.70029973441223,-0.776352059339217,67.0689291256517,19.629745001579096
co_separated,20260909,10.0,8,2880.0,2.0,IDHmut_TP53mut,139,2,200.66942099535527,0.8267720836382162,73.064682839437,19.59641741055266
co_separated,20260909,10.0,8,2880.0,2.0,IDHmut_TP53wt,113,6,-201.5140988600942,-2.012758781118499,67.69961891195348,19.59641741055266
co_separated,20260909,10.0,9,3240.0,2.25,IDHmut_TP53mut,145,2,199.6578041147695,0.02386014868512528,74.27424853161011,19.348768970782388
co_separated,20260909,10.0,9,3240.0,2.25,IDHmut_TP53wt,113,3,-202.33220545523992,-2.255579512965129,68.26295844082966,19.348768970782388
co_separated,20260909,10.0,10,3600.0,2.5,IDHmut_TP53mut,148,0,199.39787883784973,-0.016230094090143,75.16835910187258,19.157956475704747
co_separated,20260909,10.0,10,3600.0,2.5,IDHmut_TP53wt,117,4,-201.80861721737534,-2.763931688710413,70.03354391581487,19.157956475704747
co_separated,20260909,10.0,11,3960.0,2.75,IDHmut_TP53mut,151,1,199.40169666156066,-0.6972527943991871,75.90518469950858,19.32737349868362
co_separated,20260909,10.0,11,3960.0,2.75,IDHmut_TP53wt,124,1,-199.0582195109781,-5.806958010558012,71.5518968045138,19.32737349868362
co_separated,20260909,10.0,12,4320.0,3.0,IDHmut_TP53mut,161,1,199.2461635854841,0.4178697213698143,77.92778481088547,18.885495494787584
co_separated,20260909,10.0,12,4320.0,3.0,IDHmut_TP53wt,130,2,-199.82222435471866,-4.3754030065460645,73.27202290648881,18.885495494787584
co_separated,20260909,10.0,13,4680.0,3.25,IDHmut_TP53mut,168,0,198.43807931678853,0.658878743038177,79.80733929727673,18.57532279458598
co_separated,20260909,10.0,13,4680.0,3.25,IDHmut_TP53wt,134,0,-200.93955407686653,-3.681445990247994,74.70369759147674,18.57532279458598
co_separated,20260909,10.0,14,5040.0,3.5,IDHmut_TP53mut,180,0,198.8178085966899,1.532264354299118,81.79587865730414,17.710711370691392
co_separated,20260909,10.0,14,5040.0,3.5,IDHmut_TP53wt,144,3,-200.18865772322172,-1.5351844974297788,76.45064274842703,17.710711370691392
co_separated,20260909,10.0,15,5400.0,3.75,IDHmut_TP53mut,187,0,198.60973590064924,0.019635625995044072,83.18935723737883,17.54778747242069
co_separated,20260909,10.0,15,5400.0,3.75,IDHmut_TP53wt,148,7,-201.83755008562204,0.9708016456277051,77.1837082936704,17.54778747242069
co_separated,20260909,10.0,16,5760.0,4.0,IDHmut_TP53mut,194,2,196.68297978493592,1.2746817469034426,85.251582513807,17.130419810401076
co_separated,20260909,10.0,16,5760.0,4.0,IDHmut_TP53wt,148,7,-203.08305063311246,0.31255666905161084,77.91501613215775,17.130419810401076
co_separated,20260909,10.0,17,6120.0,4.25,IDHmut_TP53mut,201,1,197.56581011731768,2.197228765651736,86.55693475002978,16.94683058492604
co_separated,20260909,10.0,17,6120.0,4.25,IDHmut_TP53wt,152,3,-202.9076805972161,-0.17320202034750984,78.56823464643904,16.94683058492604
co_separated,20260909,10.0,18,6480.0,4.5,IDHmut_TP53mut,210,0,197.55134505328607,2.356677833122365,88.02735710267655,16.675180385600772
co_separated,20260909,10.0,18,6480.0,4.5,IDHmut_TP53wt,153,4,-202.59741410017298,-0.2417607446589532,79.2318731613046,16.675180385600772
co_separated,20260909,10.0,19,6840.0,4.75,IDHmut_TP53mut,221,0,195.46561033283484,2.667571886451545,90.31474970731831,16.318601654286095
co_separated,20260909,10.0,19,6840.0,4.75,IDHmut_TP53wt,158,2,-202.29642444187053,0.6528722144678599,80.74717516363953,16.318601654286095
co_separated,20260909,10.0,20,7200.0,5.0,IDHmut_TP53mut,233,0,196.10382588237013,4.63825248828667,91.94291280618826,16.00747536201407
co_separated,20260909,10.0,20,7200.0,5.0,IDHmut_TP53wt,167,5,-202.7091666074303,1.7415758378550725,82.71802971095998,16.00747536201407
co_separated,20260909,10.0,21,7560.0,5.25,IDHmut_TP53mut,243,0,195.9247117796443,5.131943535870965,94.34658809692694,15.12508142915939
co_separated,20260909,10.0,21,7560.0,5.25,IDHmut_TP53wt,171,7,-202.3794751771535,-1.0750501230286886,84.67173285336035,15.12508142915939
co_separated,20260909,10.0,22,7920.0,5.5,IDHmut_TP53mut,258,0,195.69792093013885,7.2987438937037945,96.43542405258228,15.257485572637261
co_separated,20260909,10.0,22,7920.0,5.5,IDHmut_TP53wt,171,6,-201.3481976286699,-1.517459236610557,85.57832908386291,15.257485572637261
co_separated,20260910,10.0,0,0.0,0.0,IDHmut_TP53mut,100,0,200.919548,3.0793880000000007,35.4214885703827,38.0
co_separated,20260910,10.0,0,0.0,0.0,IDHmut_TP53wt,100,0,-199.13210500000002,-2.508281,35.333315797448364,38.0
co_separated,20260910,10.0,1,360.0,0.25,IDHmut_TP53mut,108,0,201.45055829489246,2.230424291892294,61.196635310097875,20.787993981274422
co_separated,20260910,10.0,1,360.0,0.25,IDHmut_TP53wt,106,0,-199.0169898316885,-3.8422244707214235,61.276923311444214,20.787993981274422
co_separated,20260910,10.0,2,720.0,0.5,IDHmut_TP53mut,112,0,202.0467111442665,2.426192413773574,63.24231177066877,20.767617480914808
co_separated,20260910,10.0,2,720.0,0.5,IDHmut_TP53wt,112,2,-197.9710776138056,-2.3236351094310783,64.10911667851043,20.767617480914808
co_separated,20260910,10.0,3,1080.0,0.75,IDHmut_TP53mut,114,1,204.11292971379353,2.5204243797581323,64.99857316908685,20.509212289526378
co_separated,20260910,10.0,3,1080.0,0.75,IDHmut_TP53wt,116,4,-196.01480770603067,-1.3791585562257251,66.45518793566092,20.509212289526378
co_separated,20260910,10.0,4,1440.0,1.0,IDHmut_TP53mut,122,0,204.4961810642253,2.7362563267785385,67.00193484844505,20.125816360775744
co_separated,20260910,10.0,4,1440.0,1.0,IDHmut_TP53wt,116,8,-194.27698748127509,-3.014958398774985,67.63028551166693,20.125816360775744
co_separated,20260910,10.0,5,1800.0,1.25,IDHmut_TP53mut,126,0,205.00349405830164,2.026851620679139,68.46072030745795,19.815271404487255
co_separated,20260910,10.0,5,1800.0,1.25,IDHmut_TP53wt,121,2,-192.91846282032486,-2.9183269611774922,68.73863898429835,19.815271404487255
co_separated,20260910,10.0,6,2160.0,1.5,IDHmut_TP53mut,128,1,206.73800755596088,1.741318029009663,69.23165297955511,19.70659094139437
co_separated,20260910,10.0,6,2160.0,1.5,IDHmut_TP53wt,126,1,-193.77100008560635,-3.669092104225234,70.62836719678073,19.70659094139437
co_separated,20260910,10.0,7,2520.0,1.75,IDHmut_TP53mut,134,1,206.49512682484846,1.0947365614981506,70.27483811397019,19.51306088148242
co_separated,20260910,10.0,7,2520.0,1.75,IDHmut_TP53wt,127,5,-193.2079587408065,-4.271276500379844,71.50419719069824,19.51306088148242
co_separated,20260910,10.0,8,2880.0,2.0,IDHmut_TP53mut,141,0,205.91560912327017,0.4976749462962736,72.43383456760458,19.22743201392188
co_separated,20260910,10.0,8,2880.0,2.0,IDHmut_TP53wt,131,2,-194.39958980360402,-3.6693138526041174,73.69911635663814,19.22743201392188
co_separated,20260910,10.0,9,3240.0,2.25,IDHmut_TP53mut,148,0,205.99613891625677,-0.1378801559594532,74.04222231816152,18.908714551028893
co_separated,20260910,10.0,9,3240.0,2.25,IDHmut_TP53wt,139,4,-194.09199034192616,-4.309899570334304,73.86282276140648,18.908714551028893
co_separated,20260910,10.0,10,3600.0,2.5,IDHmut_TP53mut,160,1,207.19340535839137,-0.23708554543426902,76.09921444137342,18.665752783192552
co_separated,20260910,10.0,10,3600.0,2.5,IDHmut_TP53wt,148,1,-192.38655827282355,-1.4105693826279357,75.96660081856454,18.665752783192552
co_separated,20260910,10.0,11,3960.0,2.75,IDHmut_TP53mut,174,0,208.54242830916337,0.21577735670018156,78.99637974245913,17.884970619857345
co_separated,20260910,10.0,11,3960.0,2.75,IDHmut_TP53wt,154,5,-193.46307735867958,-0.25757198137644494,78.62766161503211,17.884970619857345
co_separated,20260910,10.0,12,4320.0,3.0,IDHmut_TP53mut,185,0,209.99611449997434,0.9209517353275897,81.70096329952905,17.47499726997274
co_separated,20260910,10.0,12,4320.0,3.0,IDHmut_TP53wt,161,8,-194.64375540077882,1.0828823416434274,80.36606301667216,17.47499726997274
co_separated,20260910,10.0,13,4680.0,3.25,IDHmut_TP53mut,190,1,209.0588794356536,-0.21056025621470148,84.39802859981677,17.038224634044106
co_separated,20260910,10.0,13,4680.0,3.25,IDHmut_TP53wt,164,4,-194.68211992634315,2.7893233683956415,81.24716177328695,17.038224634044106
co_separated,20260910,10.0,14,5040.0,3.5,IDHmut_TP53mut,198,1,208.94353266899168,-0.6551871454464744,86.13510633624189,17.02385485145781
co_separated,20260910,10.0,14,5040.0,3.5,IDHmut_TP53wt,165,5,-192.64448172237326,3.033175534750857,82.26775791435995,17.02385485145781
co_separated,20260910,10.0,15,5400.0,3.75,IDHmut_TP53mut,212,0,208.9955000897533,-1.1433594911679807,88.23681700657279,16.729714345543968
co_separated,20260910,10.0,15,5400.0,3.75,IDHmut_TP53wt,172,2,-192.89560411760442,3.3586424413938603,82.63617014459668,16.729714345543968
co_separated,20260910,10.0,16,5760.0,4.0,IDHmut_TP53mut,224,1,207.12333337998948,-0.34990851216196717,90.66383432220356,16.142342122943656
co_separated,20260910,10.0,16,5760.0,4.0,IDHmut_TP53wt,185,2,-193.43869570583158,2.5209354980497913,84.14877522889049,16.142342122943656
co_separated,20260910,10.0,17,6120.0,4.25,IDHmut_TP53mut,234,1,205.28897388330097,-1.109568298396516,92.71421327211901,15.301879053289817
co_separated,20260910,10.0,17,6120.0,4.25,IDHmut_TP53wt,193,7,-190.04609169039466,3.082035712762544,87.044953280037,15.301879053289817
co_separated,20260910,10.0,18,6480.0,4.5,IDHmut_TP53mut,253,0,205.0784161656735,-1.90778959908967,95.04753627781803,15.363118960152788
co_separated,20260910,10.0,18,6480.0,4.5,IDHmut_TP53wt,203,8,-191.67594017853966,1.656239571528509,88.72773316306659,15.363118960152788
co_separated,20260910,10.0,19,6840.0,4.75,IDHmut_TP53mut,265,0,204.21591220575533,-3.0875171114708078,97.44638514968082,14.993990941111457
co_separated,20260910,10.0,19,6840.0,4.75,IDHmut_TP53wt,213,9,-193.6649231739619,-0.3262378149097263,90.75298240389402,14.993990941111457
co_separated,20260910,10.0,20,7200.0,5.0,IDHmut_TP53mut,276,0,204.34927592789222,-3.7352567887287633,99.7547996484346,14.448192828653639
co_separated,20260910,10.0,20,7200.0,5.0,IDHmut_TP53wt,221,11,-196.6419033742868,-0.8638687604676881,92.28591313762658,14.448192828653639
co_separated,20260910,10.0,21,7560.0,5.25,IDHmut_TP53mut,289,0,203.4741917674481,-3.9441334147348552,101.6198402184437,14.053488997246564
co_separated,20260910,10.0,21,7560.0,5.25,IDHmut_TP53wt,229,6,-197.35953821119193,0.06422063767655449,93.51049617641263,14.053488997246564
co_separated,20260910,10.0,22,7920.0,5.5,IDHmut_TP53mut,312,0,205.41995288296818,-4.409220890462774,104.64184843026216,13.708156821042586
co_separated,20260910,10.0,22,7920.0,5.5,IDHmut_TP53wt,243,2,-195.64326142832584,0.9321169821767493,95.23594965310562,13.708156821042586
co_separated,20260911,10.0,0,0.0,0.0,IDHmut_TP53mut,100,0,199.74730500000004,1.1192359999999995,34.83179223570586,38.0
co_separated,20260911,10.0,0,0.0,0.0,IDHmut_TP53wt,100,0,-201.78308399999997,-3.5222959999999994,34.976012304010986,38.0
co_separated,20260911,10.0,1,360.0,0.25,IDHmut_TP53mut,106,0,199.60935567395273,-1.05524368633341,61.27369731918321,20.96965659433205
co_separated,20260911,10.0,1,360.0,0.25,IDHmut_TP53wt,103,1,-201.1918299498539,-3.9825362783377365,60.75557898077196,20.96965659433205
co_separated,20260911,10.0,2,720.0,0.5,IDHmut_TP53mut,112,0,198.99437010698603,-0.5862360835082072,63.52614616119339,20.624363606345824
co_separated,20260911,10.0,2,720.0,0.5,IDHmut_TP53wt,109,4,-199.99405194479652,-3.808553378402516,63.537597061785405,20.624363606345824
co_separated,20260911,10.0,3,1080.0,0.75,IDHmut_TP53mut,120,0,196.68390883395062,-0.5615518601588835,66.83675730477425,20.498273900725664
co_separated,20260911,10.0,3,1080.0,0.75,IDHmut_TP53wt,111,4,-198.70744422327724,-3.4378904595856796,65.3211919402888,20.498273900725664
co_separated,20260911,10.0,4,1440.0,1.0,IDHmut_TP53mut,128,0,197.11410746911943,0.7338271037190252,69.02339726009727,19.830659190828168
co_separated,20260911,10.0,4,1440.0,1.0,IDHmut_TP53wt,115,1,-198.60016125843845,-3.819042993705917,66.06257899830264,19.830659190828168
co_separated,20260911,10.0,5,1800.0,1.25,IDHmut_TP53mut,135,0,199.16386816435366,-0.5419713448218665,70.18980194364426,19.494555659986503
co_separated,20260911,10.0,5,1800.0,1.25,IDHmut_TP53wt,117,4,-199.13904564267256,-3.1511397660065787,67.29395993824288,19.494555659986503
co_separated,20260911,10.0,6,2160.0,1.5,IDHmut_TP53mut,147,0,198.64364488550407,-0.08376277228989316,72.80856310763947,19.274671610088248
co_separated,20260911,10.0,6,2160.0,1.5,IDHmut_TP53wt,127,3,-196.4909546259545,-2.9249426306572395,69.17829289681885,19.274671610088248
co_separated,20260911,10.0,7,2520.0,1.75,IDHmut_TP53mut,147,1,198.33403845468496,0.10850857694121402,74.81941416601796,18.730897367679553
co_separated,20260911,10.0,7,2520.0,1.75,IDHmut_TP53wt,135,4,-194.31079871740943,-1.1835839888306818,70.9433335857098,18.730897367679553
co_separated,20260911,10.0,8,2880.0,2.0,IDHmut_TP53mut,153,1,199.3355046066533,1.2495481980037961,76.5154700455108,18.465942065490125
co_separated,20260911,10.0,8,2880.0,2.0,IDHmut_TP53wt,139,4,-193.7200201572855,0.7647833718057406,73.0430047399123,18.465942065490125
co_separated,20260911,10.0,9,3240.0,2.25,IDHmut_TP53mut,158,1,199.02528688234983,0.753446458285894,77.97389805013813,18.311971448260092
co_separated,20260911,10.0,9,3240.0,2.25,IDHmut_TP53wt,147,4,-193.8635671990112,-0.9887295415478151,74.97584400514215,18.311971448260092
co_separated,20260911,10.0,10,3600.0,2.5,IDHmut_TP53mut,169,3,198.53792215900833,1.5452519701591154,80.21328300630299,18.076519488714172
co_separated,20260911,10.0,10,3600.0,2.5,IDHmut_TP53wt,153,2,-194.82979518595732,-0.8617565572131842,76.70192053202945,18.076519488714172
co_separated,20260911,10.0,11,3960.0,2.75,IDHmut_TP53mut,175,1,198.05110098362192,0.782970461451839,82.07825622192446,17.704674992779978
co_separated,20260911,10.0,11,3960.0,2.75,IDHmut_TP53wt,161,3,-194.6587222004892,-1.8050326646036732,78.72376315015981,17.704674992779978
co_separated,20260911,10.0,12,4320.0,3.0,IDHmut_TP53mut,183,2,198.8480527223667,2.189327825468377,83.95065115047895,17.524091560331083
co_separated,20260911,10.0,12,4320.0,3.0,IDHmut_TP53wt,162,6,-196.77053611559563,-0.17826063936560194,80.01100966342918,17.524091560331083
co_separated,20260911,10.0,13,4680.0,3.25,IDHmut_TP53mut,190,2,200.41216391607924,2.5770811710562,85.74969113058927,17.096755622849
co_separated,20260911,10.0,13,4680.0,3.25,IDHmut_TP53wt,168,6,-197.00085839026093,-2.0458426056928274,81.711555368099,17.096755622849
co_separated,20260911,10.0,14,5040.0,3.5,IDHmut_TP53mut,194,0,199.67473961783983,3.333707532199263,87.24500490765713,16.892214563383302
co_separated,20260911,10.0,14,5040.0,3.5,IDHmut_TP53wt,169,6,-196.6535533675074,-1.4587223910851932,82.34688807510274,16.892214563383302
co_separated,20260911,10.0,15,5400.0,3.75,IDHmut_TP53mut,198,1,199.578575902374,3.1723599503754514,87.79379509456265,16.724863028433596
co_separated,20260911,10.0,15,5400.0,3.75,IDHmut_TP53wt,169,8,-196.37051079150518,-1.114383707208701,83.49135128788237,16.724863028433596
co_separated,20260911,10.0,16,5760.0,4.0,IDHmut_TP53mut,211,1,199.56315056476538,3.793353269632919,88.60518819188012,16.480088852119167
co_separated,20260911,10.0,16,5760.0,4.0,IDHmut_TP53wt,183,8,-194.97471316079523,-1.0556851717859976,84.4195656701933,16.480088852119167
co_separated,20260911,10.0,17,6120.0,4.25,IDHmut_TP53mut,226,1,198.53598677893152,6.186459003688024,90.70293963897231,15.886614101522953
co_separated,20260911,10.0,17,6120.0,4.25,IDHmut_TP53wt,190,5,-193.68433970417183,-1.0817729859831617,85.51884742550666,15.886614101522953
co_separated,20260911,10.0,18,6480.0,4.5,IDHmut_TP53mut,239,0,198.40889149418527,8.137991406816345,93.16310627618635,15.402127027521784
co_separated,20260911,10.0,18,6480.0,4.5,IDHmut_TP53wt,198,3,-191.2357430505805,0.044627566791664214,87.15368234755337,15.402127027521784
co_separated,20260911,10.0,19,6840.0,4.75,IDHmut_TP53mut,250,1,196.19543731202725,6.697437803490541,95.62355700568929,15.177987184909469
co_separated,20260911,10.0,19,6840.0,4.75,IDHmut_TP53wt,207,5,-192.7584856982362,2.409850703378782,88.50477244798101,15.177987184909469
co_separated,20260911,10.0,20,7200.0,5.0,IDHmut_TP53mut,269,1,197.5941321242793,5.537151585134272,98.31285667248713,14.682870233578235
co_separated,20260911,10.0,20,7200.0,5.0,IDHmut_TP53wt,218,5,-191.7797295578484,2.89651777079488,89.55904194083338,14.682870233578235
co_separated,20260911,10.0,21,7560.0,5.25,IDHmut_TP53mut,286,1,197.4409867381852,6.465777026763437,101.26783956757659,14.221089379629431
co_separated,20260911,10.0,21,7560.0,5.25,IDHmut_TP53wt,222,6,-192.87048535131888,3.9879717689683027,91.56709502363493,14.221089379629431
co_separated,20260911,10.0,22,7920.0,5.5,IDHmut_TP53mut,305,0,196.35714884050392,6.050530512149423,104.36756710351432,13.897279740540924
co_separated,20260911,10.0,22,7920.0,5.5,IDHmut_TP53wt,227,3,-191.74842035348382,5.722761033313616,93.12835122031326,13.897279740540924
co_separated,20260912,10.0,0,0.0,0.0,IDHmut_TP53mut,100,0,200.75439600000004,2.1256339999999994,35.528855340162984,38.0
co_separated,20260912,10.0,0,0.0,0.0,IDHmut_TP53wt,100,0,-194.912142,1.9674079999999996,34.501635210287816,38.0
co_separated,20260912,10.0,1,360.0,0.25,IDHmut_TP53mut,110,0,199.80172645596275,3.2164351119126087,61.72492638121257,21.17032299932706
co_separated,20260912,10.0,1,360.0,0.25,IDHmut_TP53wt,104,1,-196.0499673103072,2.9395101620277675,60.74513368490481,21.17032299932706
co_separated,20260912,10.0,2,720.0,0.5,IDHmut_TP53mut,114,0,199.77942689705353,2.737770795732018,64.32955771052298,20.7311888263434
co_separated,20260912,10.0,2,720.0,0.5,IDHmut_TP53wt,106,3,-196.0886101672786,2.765212110272728,63.22076524800824,20.7311888263434
co_separated,20260912,10.0,3,1080.0,0.75,IDHmut_TP53mut,121,0,199.6473321584392,3.20627686576135,66.52293210966724,20.273533958554918
co_separated,20260912,10.0,3,1080.0,0.75,IDHmut_TP53wt,110,1,-197.05588144237603,2.1623438013273972,64.17821138255859,20.273533958554918
co_separated,20260912,10.0,4,1440.0,1.0,IDHmut_TP53mut,134,0,200.17362343139953,2.127455452477236,68.8413621690469,19.815986255837494
co_separated,20260912,10.0,4,1440.0,1.0,IDHmut_TP53wt,110,2,-197.20456315933174,2.1966838516274136,65.39421522977312,19.815986255837494
co_separated,20260912,10.0,5,1800.0,1.25,IDHmut_TP53mut,144,0,200.3548015773166,5.037863781036831,72.61382779462886,19.56834449933052
co_separated,20260912,10.0,5,1800.0,1.25,IDHmut_TP53wt,116,5,-197.72091001368,0.6094629026825872,66.33213497122377,19.56834449933052
co_separated,20260912,10.0,6,2160.0,1.5,IDHmut_TP53mut,144,0,200.35490033468034,5.039217640670649,74.18750127049503,19.30791019733912
co_separated,20260912,10.0,6,2160.0,1.5,IDHmut_TP53wt,119,6,-199.19630857289442,0.18720502571627784,68.32675956602158,19.30791019733912
co_separated,20260912,10.0,7,2520.0,1.75,IDHmut_TP53mut,152,0,200.0786332923546,4.81288477731839,75.43897786323322,18.75070154234872
co_separated,20260912,10.0,7,2520.0,1.75,IDHmut_TP53wt,122,3,-199.7823279738657,1.7188910397780102,69.0139399911255,18.75070154234872
co_separated,20260912,10.0,8,2880.0,2.0,IDHmut_TP53mut,158,0,199.56232991896266,6.0249570290545575,77.42304833637013,18.706230340748903
co_separated,20260912,10.0,8,2880.0,2.0,IDHmut_TP53wt,127,4,-199.7615489518084,2.096794619592462,70.26569171000847,18.706230340748903
co_separated,20260912,10.0,9,3240.0,2.25,IDHmut_TP53mut,168,0,200.19082913644212,7.497307486913117,78.78508436530322,18.175353408284906
co_separated,20260912,10.0,9,3240.0,2.25,IDHmut_TP53wt,130,6,-200.5045781856995,2.069655515506838,71.61063095515418,18.175353408284906
co_separated,20260912,10.0,10,3600.0,2.5,IDHmut_TP53mut,174,0,198.13241360369065,8.899671002783519,80.48343118449806,18.04066812884619
co_separated,20260912,10.0,10,3600.0,2.5,IDHmut_TP53wt,134,4,-200.99503288439436,2.190566834575898,73.00923111473088,18.04066812884619
co_separated,20260912,10.0,11,3960.0,2.75,IDHmut_TP53mut,183,0,199.1862111025528,10.097746737437868,82.47254064273501,17.53254312361256
co_separated,20260912,10.0,11,3960.0,2.75,IDHmut_TP53wt,141,4,-200.7445890857437,3.0544543247077693,74.06263583675447,17.53254312361256
co_separated,20260912,10.0,12,4320.0,3.0,IDHmut_TP53mut,187,1,198.38028484678435,11.738142045575675,84.50347864026894,17.356991603730364
co_separated,20260912,10.0,12,4320.0,3.0,IDHmut_TP53wt,141,6,-199.39257581573023,4.462759721954952,75.81017761120172,17.356991603730364
co_separated,20260912,10.0,13,4680.0,3.25,IDHmut_TP53mut,197,0,197.4754499071778,12.761777364428774,86.51934034179696,17.2000719856467
co_separated,20260912,10.0,13,4680.0,3.25,IDHmut_TP53wt,149,6,-200.41988937561075,4.5928515855500445,76.69714167024195,17.2000719856467
co_separated,20260912,10.0,14,5040.0,3.5,IDHmut_TP53mut,207,0,197.65835566573426,12.36499173039455,88.56213714040562,17.081399227544622
co_separated,20260912,10.0,14,5040.0,3.5,IDHmut_TP53wt,159,3,-199.82489596237136,2.7505559202887717,78.41368774879442,17.081399227544622
co_separated,20260912,10.0,15,5400.0,3.75,IDHmut_TP53mut,216,1,196.35113972412603,12.063651360132088,90.11003819373683,16.842609997227136
co_separated,20260912,10.0,15,5400.0,3.75,IDHmut_TP53wt,164,5,-198.82298312756853,4.260128452099118,80.49363694365974,16.842609997227136
co_separated,20260912,10.0,16,5760.0,4.0,IDHmut_TP53mut,228,0,195.98207936017914,12.392802014517452,92.00304048168505,16.129327359432935
co_separated,20260912,10.0,16,5760.0,4.0,IDHmut_TP53wt,171,4,-197.18087428022142,2.07551291082674,82.1829727801744,16.129327359432935
co_separated,20260912,10.0,17,6120.0,4.25,IDHmut_TP53mut,241,1,196.3507481347935,13.152207358321238,94.19144742379851,15.465782713931315
co_separated,20260912,10.0,17,6120.0,4.25,IDHmut_TP53wt,174,6,-196.9248808207934,3.1954164709058435,84.16870401039463,15.465782713931315
co_separated,20260912,10.0,18,6480.0,4.5,IDHmut_TP53mut,254,0,197.33119318669281,11.832520972935066,96.52376239239241,15.140204871130384
co_separated,20260912,10.0,18,6480.0,4.5,IDHmut_TP53wt,178,6,-194.61399171022313,1.1750847266917777,86.08310065087748,15.140204871130384
co_separated,20260912,10.0,19,6840.0,4.75,IDHmut_TP53mut,266,0,197.44300795811694,10.175660432546257,98.61290163490541,14.80612922059627
co_separated,20260912,10.0,19,6840.0,4.75,IDHmut_TP53wt,177,11,-193.07735998853107,2.41607950449232,85.994207716185,14.80612922059627
co_separated,20260912,10.0,20,7200.0,5.0,IDHmut_TP53mut,276,0,197.07126541495973,10.344741280954135,100.33961110621769,14.80890691320825
co_separated,20260912,10.0,20,7200.0,5.0,IDHmut_TP53wt,185,8,-192.84551452207333,2.2023305308804244,87.23441293231714,14.80890691320825
co_separated,20260912,10.0,21,7560.0,5.25,IDHmut_TP53mut,291,0,196.06990156501791,7.899637876620144,102.39140215072412,14.483243850164362
co_separated,20260912,10.0,21,7560.0,5.25,IDHmut_TP53wt,186,5,-192.64074094134918,1.583861620614569,87.66819814483846,14.483243850164362
co_separated,20260912,10.0,22,7920.0,5.5,IDHmut_TP53mut,304,4,196.11617493074738,10.685878988701242,104.62924363328656,14.02978515926304
co_separated,20260912,10.0,22,7920.0,5.5,IDHmut_TP53wt,187,6,-193.594582564979,0.4821351983463346,87.96636209501106,14.02978515926304
co_separated,20260913,10.0,0,0.0,0.0,IDHmut_TP53mut,100,0,200.15982900000006,3.787829,33.92115969546321,38.0
co_separated,20260913,10.0,0,0.0,0.0,IDHmut_TP53wt,100,0,-198.05416100000002,-0.5386430000000003,34.1769811791479,38.0
co_separated,20260913,10.0,1,360.0,0.25,IDHmut_TP53mut,106,0,198.6245505851552,2.557720844559343,61.20818341649048,20.817842591109212
co_separated,20260913,10.0,1,360.0,0.25,IDHmut_TP53wt,106,2,-197.96562320474683,-0.3910142097794726,61.26509769658523,20.817842591109212
co_separated,20260913,10.0,2,720.0,0.5,IDHmut_TP53mut,112,0,199.0144607411987,1.8805825827259326,63.973651293872344,20.652300077885485
co_separated,20260913,10.0,2,720.0,0.5,IDHmut_TP53wt,112,3,-195.65619883097466,-0.024363508545440178,64.90287943755806,20.652300077885485
co_separated,20260913,10.0,3,1080.0,0.75,IDHmut_TP53mut,120,0,200.53716473318084,1.3265452062579093,66.25464363921431,20.386867253388175
co_separated,20260913,10.0,3,1080.0,0.75,IDHmut_TP53wt,117,4,-196.04060161041102,2.35670392909914,67.18901197007452,20.386867253388175
co_separated,20260913,10.0,4,1440.0,1.0,IDHmut_TP53mut,124,0,199.54267145911209,0.36453246368108416,67.75663088194028,19.868513131244686
co_separated,20260913,10.0,4,1440.0,1.0,IDHmut_TP53wt,124,3,-193.61840877174296,2.787643736371807,69.20867492527331,19.868513131244686
co_separated,20260913,10.0,5,1800.0,1.25,IDHmut_TP53mut,125,1,199.2158602353227,0.18863392158185505,68.86002498606125,19.717595919442378
co_separated,20260913,10.0,5,1800.0,1.25,IDHmut_TP53wt,125,4,-194.07073525572395,2.9925777965076037,70.33810027890472,19.717595919442378
co_separated,20260913,10.0,6,2160.0,1.5,IDHmut_TP53mut,131,0,198.93352359285177,0.8973022898845591,70.42599790945474,19.53449365335664
co_separated,20260913,10.0,6,2160.0,1.5,IDHmut_TP53wt,129,4,-193.6519667462549,5.845958032501743,71.01832921643424,19.53449365335664
co_separated,20260913,10.0,7,2520.0,1.75,IDHmut_TP53mut,137,1,200.18921919825743,0.02124174303864317,71.7160564280716,19.21345578398856
co_separated,20260913,10.0,7,2520.0,1.75,IDHmut_TP53wt,135,2,-196.21001935477685,3.8622990056014666,73.03783848189298,19.21345578398856
co_separated,20260913,10.0,8,2880.0,2.0,IDHmut_TP53mut,143,2,201.27942721877847,-0.5050860312801732,73.1237520301897,18.968330278263085
co_separated,20260913,10.0,8,2880.0,2.0,IDHmut_TP53wt,143,2,-197.3199095986964,4.785079733996441,74.58277041525143,18.968330278263085
co_separated,20260913,10.0,9,3240.0,2.25,IDHmut_TP53mut,151,1,201.5644425794079,-2.4477700607721626,75.12667188442784,18.5611834505234
co_separated,20260913,10.0,9,3240.0,2.25,IDHmut_TP53wt,152,1,-197.4744071619212,4.755384708256016,75.50220315674568,18.5611834505234
co_separated,20260913,10.0,10,3600.0,2.5,IDHmut_TP53mut,157,0,200.69731685966968,-1.7327879754169337,77.15105374106405,18.250915762641228
co_separated,20260913,10.0,10,3600.0,2.5,IDHmut_TP53wt,157,4,-195.596692231638,2.845039441625013,77.41387700099213,18.250915762641228
co_separated,20260913,10.0,11,3960.0,2.75,IDHmut_TP53mut,164,0,200.05145249193947,-1.7048395390276196,77.89211412316644,18.023545895504622
co_separated,20260913,10.0,11,3960.0,2.75,IDHmut_TP53wt,162,4,-195.75478355031026,2.593804538218955,78.82625646811215,18.023545895504622
co_separated,20260913,10.0,12,4320.0,3.0,IDHmut_TP53mut,175,1,198.50360059219545,-1.796786720954038,80.22283886433547,17.88658365585618
co_separated,20260913,10.0,12,4320.0,3.0,IDHmut_TP53wt,168,4,-195.3939550542811,1.7617015943277745,80.44853395872747,17.88658365585618
co_separated,20260913,10.0,13,4680.0,3.25,IDHmut_TP53mut,181,0,197.475551686448,-1.6657474285772664,81.93297088851166,17.24500100849077
co_separated,20260913,10.0,13,4680.0,3.25,IDHmut_TP53wt,168,9,-195.00687773689327,0.5638662159871104,81.98282988856853,17.24500100849077
co_separated,20260913,10.0,14,5040.0,3.5,IDHmut_TP53mut,195,0,195.5312373218538,-1.5463169245708546,84.2634712976403,17.01398587620477
co_separated,20260913,10.0,14,5040.0,3.5,IDHmut_TP53wt,175,8,-198.65625334369784,-0.8047368382165174,83.40745021710788,17.01398587620477
co_separated,20260913,10.0,15,5400.0,3.75,IDHmut_TP53mut,203,1,197.6138678541177,-2.7975412144514546,86.58438050408326,16.628111876441714
co_separated,20260913,10.0,15,5400.0,3.75,IDHmut_TP53wt,180,8,-199.4823808475184,-0.9686016295229125,84.23823476937584,16.628111876441714
co_separated,20260913,10.0,16,5760.0,4.0,IDHmut_TP53mut,223,0,196.21396968568465,-5.799600058697947,90.1369491984175,16.283418675262784
co_separated,20260913,10.0,16,5760.0,4.0,IDHmut_TP53wt,186,2,-199.47615536288777,-1.32267981165772,85.70203935100614,16.283418675262784
co_separated,20260913,10.0,17,6120.0,4.25,IDHmut_TP53mut,236,0,197.25516169465033,-5.62834259266016,92.06774965777915,15.69895497837769
co_separated,20260913,10.0,17,6120.0,4.25,IDHmut_TP53wt,188,6,-199.24796735945347,-1.9042054757055251,86.80422287509884,15.69895497837769
co_separated,20260913,10.0,18,6480.0,4.5,IDHmut_TP53mut,247,0,198.75569288177545,-6.037273633078267,95.45497383602212,15.51278028438445
co_separated,20260913,10.0,18,6480.0,4.5,IDHmut_TP53wt,195,8,-199.79100304029154,0.1294973359505233,87.8798527918342,15.51278028438445
co_separated,20260913,10.0,19,6840.0,4.75,IDHmut_TP53mut,258,0,198.78077787949437,-6.820507549216834,97.72493960311886,15.3135612230407
co_separated,20260913,10.0,19,6840.0,4.75,IDHmut_TP53wt,204,6,-199.38419510699012,1.0375579704488127,89.74896544891486,15.3135612230407
co_separated,20260913,10.0,20,7200.0,5.0,IDHmut_TP53mut,267,0,199.00237249430663,-7.734948544479058,99.6396092610145,15.012713601870972
co_separated,20260913,10.0,20,7200.0,5.0,IDHmut_TP53wt,209,7,-198.43589863358724,0.7437058459724879,91.32240053367603,15.012713601870972
co_separated,20260913,10.0,21,7560.0,5.25,IDHmut_TP53mut,283,1,200.82077571654784,-7.693212569685819,102.19132382826855,14.363240947817822
co_separated,20260913,10.0,21,7560.0,5.25,IDHmut_TP53wt,214,3,-198.72806382131043,0.5509377988739068,92.21836602450323,14.363240947817822
co_separated,20260913,10.0,22,7920.0,5.5,IDHmut_TP53mut,300,2,200.06939147584134,-6.39042659120048,104.7614448841098,13.96671644452036
co_separated,20260913,10.0,22,7920.0,5.5,IDHmut_TP53wt,224,6,-197.9424806377218,0.634534919443081,93.30104246231353,13.96671644452036
co_separated,20260914,10.0,0,0.0,0.0,IDHmut_TP53mut,100,0,202.62440100000003,1.4556730000000004,35.515855391572224,38.0
co_separated,20260914,10.0,0,0.0,0.0,IDHmut_TP53wt,100,0,-201.70508,-1.41421,34.64555327301182,38.0
co_separated,20260914,10.0,1,360.0,0.25,IDHmut_TP53mut,107,0,205.29904000111134,1.5095683694526056,62.19312785937936,20.96307457066769
co_separated,20260914,10.0,1,360.0,0.25,IDHmut_TP53wt,104,1,-201.53640369393452,-1.100932026047195,61.09890588773607,20.96307457066769
co_separated,20260914,10.0,2,720.0,0.5,IDHmut_TP53mut,111,0,205.13255800847597,1.7758934147670908,64.10336665684692,20.68205738092923
co_separated,20260914,10.0,2,720.0,0.5,IDHmut_TP53wt,105,4,-200.95444002157043,-1.0664089475099967,62.93458897062316,20.68205738092923
co_separated,20260914,10.0,3,1080.0,0.75,IDHmut_TP53mut,121,0,206.3647867735125,2.531815635442976,66.15507248157502,20.352349543647463
co_separated,20260914,10.0,3,1080.0,0.75,IDHmut_TP53wt,109,2,-199.95989687322182,-0.8633021460287791,64.09634523152727,20.352349543647463
co_separated,20260914,10.0,4,1440.0,1.0,IDHmut_TP53mut,128,0,206.01009011898554,2.139989410793058,68.63002888889919,19.427338092659653
co_separated,20260914,10.0,4,1440.0,1.0,IDHmut_TP53wt,112,4,-200.30185677617666,-2.075704038192704,65.90096018130852,19.427338092659653
co_separated,20260914,10.0,5,1800.0,1.25,IDHmut_TP53mut,137,0,206.70686144209893,1.5637404201058096,70.52538600766717,19.90257035246242
co_separated,20260914,10.0,5,1800.0,1.25,IDHmut_TP53wt,119,5,-199.14943037677583,-3.0805310552231244,67.81635334115923,19.90257035246242
co_separated,20260914,10.0,6,2160.0,1.5,IDHmut_TP53mut,142,0,208.20564393227932,0.8610048100979146,72.4167890366717,19.31028817476401
co_separated,20260914,10.0,6,2160.0,1.5,IDHmut_TP53wt,125,1,-198.7495886680882,-3.0051415387693714,69.07017303846833,19.31028817476401
co_separated,20260914,10.0,7,2520.0,1.75,IDHmut_TP53mut,147,1,207.76766037977765,1.5120857263393317,74.06401547110413,19.283714902673207
co_separated,20260914,10.0,7,2520.0,1.75,IDHmut_TP53wt,126,4,-199.2577884185853,-2.379964286535762,70.39523843299965,19.283714902673207
co_separated,20260914,10.0,8,2880.0,2.0,IDHmut_TP53mut,154,0,208.19032378939923,1.6790600271763514,76.32323509031714,18.777470251515545
co_separated,20260914,10.0,8,2880.0,2.0,IDHmut_TP53wt,130,5,-200.25873587827178,-1.1314765614111788,71.66466637588728,18.777470251515545
co_separated,20260914,10.0,9,3240.0,2.25,IDHmut_TP53mut,160,1,207.21306093279586,0.9692459376907436,77.47185716255657,18.50675128758006
co_separated,20260914,10.0,9,3240.0,2.25,IDHmut_TP53wt,137,1,-201.98920287521344,-2.0514511109854356,73.22229831086763,18.50675128758006
co_separated,20260914,10.0,10,3600.0,2.5,IDHmut_TP53mut,166,1,206.99740807147714,1.135366577768663,79.44312421828823,18.13600650245894
co_separated,20260914,10.0,10,3600.0,2.5,IDHmut_TP53wt,144,2,-200.97307046497735,-1.728464711600218,75.29766864056761,18.13600650245894
co_separated,20260914,10.0,11,3960.0,2.75,IDHmut_TP53mut,172,0,208.48839797666898,3.116709032398722,81.66842711622103,17.910543132005785
co_separated,20260914,10.0,11,3960.0,2.75,IDHmut_TP53wt,149,4,-202.5298957676848,0.9462749482823175,77.12308099013134,17.910543132005785
co_separated,20260914,10.0,12,4320.0,3.0,IDHmut_TP53mut,182,0,208.23115595536092,2.5361892415898017,82.60409444144568,17.541336317768966
co_separated,20260914,10.0,12,4320.0,3.0,IDHmut_TP53wt,157,3,-203.0811560910429,2.5266873567807564,78.98445992730153,17.541336317768966
co_separated,20260914,10.0,13,4680.0,3.25,IDHmut_TP53mut,187,1,208.45149305555643,2.1253490362279273,84.67041487713416,17.28141506566235
co_separated,20260914,10.0,13,4680.0,3.25,IDHmut_TP53wt,165,2,-204.19157783786068,2.6231971875303506,80.75726695961704,17.28141506566235
co_separated,20260914,10.0,14,5040.0,3.5,IDHmut_TP53mut,196,0,207.7701582700382,0.4215360895553814,86.33814003708274,17.47978778015172
co_separated,20260914,10.0,14,5040.0,3.5,IDHmut_TP53wt,169,5,-203.34669859737062,1.7098476525943964,81.34949538663902,17.47978778015172
co_separated,20260914,10.0,15,5400.0,3.75,IDHmut_TP53mut,205,1,207.81737745808593,-0.02658556130253082,88.14838177702599,16.724169474108823
co_separated,20260914,10.0,15,5400.0,3.75,IDHmut_TP53wt,173,3,-202.79248814118105,1.8325814071264588,82.77986236285254,16.724169474108823
co_separated,20260914,10.0,16,5760.0,4.0,IDHmut_TP53mut,220,1,208.51821766828826,-1.48142254906159,89.2490917390442,16.353632190419734
co_separated,20260914,10.0,16,5760.0,4.0,IDHmut_TP53wt,174,6,-203.47357964049198,0.2984096785447408,83.90677708248872,16.353632190419734
co_separated,20260914,10.0,17,6120.0,4.25,IDHmut_TP53mut,237,0,207.89455780615802,-2.0578333269374753,92.75986706707002,15.896133558808659
co_separated,20260914,10.0,17,6120.0,4.25,IDHmut_TP53wt,185,7,-203.1577221091212,0.4149308158669629,84.98684185040452,15.896133558808659
co_separated,20260914,10.0,18,6480.0,4.5,IDHmut_TP53mut,251,0,207.69514455331677,-2.074196612134416,94.89110369271988,15.366983596760774
co_separated,20260914,10.0,18,6480.0,4.5,IDHmut_TP53wt,193,7,-205.00309033752617,-0.3975316636925838,86.25496733642704,15.366983596760774
co_separated,20260914,10.0,19,6840.0,4.75,IDHmut_TP53mut,260,0,207.71350647070028,-2.33815707253809,97.28582081852815,14.983985497698898
co_separated,20260914,10.0,19,6840.0,4.75,IDHmut_TP53wt,193,7,-203.23108267883998,-0.7983228022550815,87.42886945829963,14.983985497698898
co_separated,20260914,10.0,20,7200.0,5.0,IDHmut_TP53mut,273,1,208.3673958381902,-3.6420993339716037,99.22651568037907,14.58794340954758
co_separated,20260914,10.0,20,7200.0,5.0,IDHmut_TP53wt,202,8,-204.5873648443194,-0.11376744322192063,88.60376905681878,14.58794340954758
co_separated,20260914,10.0,21,7560.0,5.25,IDHmut_TP53mut,281,1,208.88336530682534,-3.458886590489917,101.33319334519305,14.60869520391039
co_separated,20260914,10.0,21,7560.0,5.25,IDHmut_TP53wt,204,7,-203.3469640958687,-1.9529763196200287,89.95852838877397,14.60869520391039
co_separated,20260914,10.0,22,7920.0,5.5,IDHmut_TP53mut,294,2,208.92167646334516,-0.7103874096130823,103.89258813524194,13.998088736876113
co_separated,20260914,10.0,22,7920.0,5.5,IDHmut_TP53wt,221,5,-202.0127999862898,-4.076576399805157,91.72576700463554,13.998088736876113
co_separated,20260915,10.0,0,0.0,0.0,IDHmut_TP53mut,100,0,197.46696099999994,0.335052,35.14672235119621,38.0
co_separated,20260915,10.0,0,0.0,0.0,IDHmut_TP53wt,100,0,-201.561616,1.393884,35.16574942903233,38.0
co_separated,20260915,10.0,1,360.0,0.25,IDHmut_TP53mut,104,0,197.59267155487757,1.6494791968312454,61.37212044530428,20.88007242345368
co_separated,20260915,10.0,1,360.0,0.25,IDHmut_TP53wt,106,0,-202.14058943199984,2.768284399740643,61.77422850100571,20.88007242345368
co_separated,20260915,10.0,2,720.0,0.5,IDHmut_TP53mut,110,1,198.96207493518838,2.8220149045441674,63.36754675879657,20.43459022141535
co_separated,20260915,10.0,2,720.0,0.5,IDHmut_TP53wt,110,2,-201.0333422685315,2.6635836509825253,64.32318800555144,20.43459022141535
co_separated,20260915,10.0,3,1080.0,0.75,IDHmut_TP53mut,116,1,199.79688892638393,3.8032948767148778,65.85819747793226,20.614431087716923
co_separated,20260915,10.0,3,1080.0,0.75,IDHmut_TP53wt,113,0,-199.98320149215766,3.193011955722005,65.18813890629984,20.614431087716923
co_separated,20260915,10.0,4,1440.0,1.0,IDHmut_TP53mut,126,1,200.55519326301837,4.681499377431675,67.94760906365443,20.17963287467922
co_separated,20260915,10.0,4,1440.0,1.0,IDHmut_TP53wt,112,5,-200.2434091842017,2.327949846213642,66.0848626870559,20.17963287467922
co_separated,20260915,10.0,5,1800.0,1.25,IDHmut_TP53mut,135,1,199.51475950688382,5.633591837312645,70.70785423975813,19.581015410754226
co_separated,20260915,10.0,5,1800.0,1.25,IDHmut_TP53wt,116,8,-201.70341682809635,5.40358103582864,67.43009467085122,19.581015410754226
co_separated,20260915,10.0,6,2160.0,1.5,IDHmut_TP53mut,145,0,201.9618179124353,6.704310299361502,73.6741810116129,19.064971523539516
co_separated,20260915,10.0,6,2160.0,1.5,IDHmut_TP53wt,125,4,-201.4910959394107,4.775233702300466,69.65090357480338,19.064971523539516
co_separated,20260915,10.0,7,2520.0,1.75,IDHmut_TP53mut,149,0,201.6433102907475,5.943677890869321,75.3101396971684,18.883527911570503
co_separated,20260915,10.0,7,2520.0,1.75,IDHmut_TP53wt,125,3,-201.38796710062675,6.2065644476954684,70.88123724515665,18.883527911570503
co_separated,20260915,10.0,8,2880.0,2.0,IDHmut_TP53mut,157,0,202.03702543800657,5.454972717306889,77.27493653443821,18.73481876949963
co_separated,20260915,10.0,8,2880.0,2.0,IDHmut_TP53wt,130,4,-199.7477870015267,6.85459631040935,71.36795008393638,18.73481876949963
co_separated,20260915,10.0,9,3240.0,2.25,IDHmut_TP53mut,164,1,201.98537115505846,3.7923122780020617,78.87958791172161,18.416907583377732
co_separated,20260915,10.0,9,3240.0,2.25,IDHmut_TP53wt,135,3,-200.9632989506177,6.607343637728841,73.26228141243736,18.416907583377732
co_separated,20260915,10.0,10,3600.0,2.5,IDHmut_TP53mut,170,0,203.0319866217793,3.7779465104448464,79.94073339110867,18.020515298749434
co_separated,20260915,10.0,10,3600.0,2.5,IDHmut_TP53wt,137,2,-202.4495454427389,7.603839477126525,73.78531414599466,18.020515298749434
co_separated,20260915,10.0,11,3960.0,2.75,IDHmut_TP53mut,181,1,204.39339934770481,4.647179667328925,82.42614262666243,17.7511515380042
co_separated,20260915,10.0,11,3960.0,2.75,IDHmut_TP53wt,139,4,-201.88106793459568,7.883951593053726,74.31669497086172,17.7511515380042
co_separated,20260915,10.0,12,4320.0,3.0,IDHmut_TP53mut,190,0,204.76867511167495,4.678882831340415,84.09390951063068,17.772365364772565
co_separated,20260915,10.0,12,4320.0,3.0,IDHmut_TP53wt,143,6,-200.1899856362883,8.734630080130147,75.85227652424359,17.772365364772565
co_separated,20260915,10.0,13,4680.0,3.25,IDHmut_TP53mut,205,1,204.5746756161659,5.074744068800505,86.00514793301974,17.03909641250383
co_separated,20260915,10.0,13,4680.0,3.25,IDHmut_TP53wt,141,5,-199.0268072024383,8.379334034980753,75.78217479735302,17.03909641250383
co_separated,20260915,10.0,14,5040.0,3.5,IDHmut_TP53mut,221,1,207.88455534991516,6.036041168876609,89.09984583682332,16.459065916437673
co_separated,20260915,10.0,14,5040.0,3.5,IDHmut_TP53wt,149,2,-197.48993652918696,7.229981002420014,76.43040606340432,16.459065916437673
co_separated,20260915,10.0,15,5400.0,3.75,IDHmut_TP53mut,234,1,208.36630256390907,5.815863059982421,92.10098578452116,16.118056050089955
co_separated,20260915,10.0,15,5400.0,3.75,IDHmut_TP53wt,158,3,-196.17712586284742,6.406919699633324,77.86912338456989,16.118056050089955
co_separated,20260915,10.0,16,5760.0,4.0,IDHmut_TP53mut,248,0,207.02721188552732,5.259068169376114,94.84789421216564,15.683275994824257
co_separated,20260915,10.0,16,5760.0,4.0,IDHmut_TP53wt,166,2,-197.358955501597,5.238621677173731,79.87011041749831,15.683275994824257
co_separated,20260915,10.0,17,6120.0,4.25,IDHmut_TP53mut,257,0,207.03893103999954,3.7129197661318516,97.07406590795526,15.364475687101125
co_separated,20260915,10.0,17,6120.0,4.25,IDHmut_TP53wt,168,8,-199.24724459377734,3.8372325432662033,80.78934090291867,15.364475687101125
co_separated,20260915,10.0,18,6480.0,4.5,IDHmut_TP53mut,272,1,206.98300397681456,3.4153796870689566,99.68888213362396,15.065845834214493
co_separated,20260915,10.0,18,6480.0,4.5,IDHmut_TP53wt,174,8,-199.54097409550891,4.766773193012512,82.14727072230515,15.065845834214493
co_separated,20260915,10.0,19,6840.0,4.75,IDHmut_TP53mut,292,1,207.6224268368709,3.5316161075014714,102.71457379501432,14.718994427526141
co_separated,20260915,10.0,19,6840.0,4.75,IDHmut_TP53wt,174,6,-199.863452514671,2.4380105965289864,83.27065510057825,14.718994427526141
co_separated,20260915,10.0,20,7200.0,5.0,IDHmut_TP53mut,313,0,207.98786217997613,4.2322004037333185,106.02553639133339,14.307859215999374
co_separated,20260915,10.0,20,7200.0,5.0,IDHmut_TP53wt,175,7,-202.83916925564267,3.3361256955432053,84.21231691134503,14.307859215999374
co_separated,20260915,10.0,21,7560.0,5.25,IDHmut_TP53mut,329,0,207.96158748630404,3.908164837472343,108.86501576977213,13.886387355340027
co_separated,20260915,10.0,21,7560.0,5.25,IDHmut_TP53wt,183,8,-203.19219400622993,4.043364687678332,84.70202095388339,13.886387355340027
co_separated,20260915,10.0,22,7920.0,5.5,IDHmut_TP53mut,343,2,208.16879626289247,4.706622002321761,111.88058422730806,13.630799453568152
co_separated,20260915,10.0,22,7920.0,5.5,IDHmut_TP53wt,186,4,-204.07852155513214,3.3992460059966723,85.76866601884728,13.630799453568152
co_separated,20260916,10.0,0,0.0,0.0,IDHmut_TP53mut,100,0,201.609215,-2.566148,34.79401975909037,38.0
co_separated,20260916,10.0,0,0.0,0.0,IDHmut_TP53wt,100,0,-201.01628,-2.0574890000000003,35.72452967036766,38.0
co_separated,20260916,10.0,1,360.0,0.25,IDHmut_TP53mut,106,0,199.89589873051176,-3.507212283194002,61.615827670062316,21.009772794799147
co_separated,20260916,10.0,1,360.0,0.25,IDHmut_TP53wt,107,0,-200.90748358119572,-2.135285941744314,61.06553984661514,21.009772794799147
co_separated,20260916,10.0,2,720.0,0.5,IDHmut_TP53mut,113,1,199.28374841482653,-3.9217870555470844,63.763636109117144,20.738902788323273
co_separated,20260916,10.0,2,720.0,0.5,IDHmut_TP53wt,109,2,-200.8056811793869,-0.6592972159342234,62.91476155336698,20.738902788323273
co_separated,20260916,10.0,3,1080.0,0.75,IDHmut_TP53mut,120,0,198.82161358437781,-4.389161499513137,65.72427702227967,20.368331622136456
co_separated,20260916,10.0,3,1080.0,0.75,IDHmut_TP53wt,116,2,-202.7209331890296,-1.4810477148701484,65.66241283345654,20.368331622136456
co_separated,20260916,10.0,4,1440.0,1.0,IDHmut_TP53mut,127,1,197.74756796517133,-4.948659942680251,68.03760062325445,19.391215291385848
co_separated,20260916,10.0,4,1440.0,1.0,IDHmut_TP53wt,117,2,-203.52609862575306,-3.1102112789565552,67.1043601157362,19.391215291385848
co_separated,20260916,10.0,5,1800.0,1.25,IDHmut_TP53mut,140,0,197.50918280234404,-6.829123574118049,70.80018342577483,19.49838002336903
co_separated,20260916,10.0,5,1800.0,1.25,IDHmut_TP53wt,121,1,-202.8757612078674,-2.709282695628051,67.5385340946988,19.49838002336903
co_separated,20260916,10.0,6,2160.0,1.5,IDHmut_TP53mut,144,0,197.81538259033607,-6.770637906566242,73.47475511899923,19.138891879685808
co_separated,20260916,10.0,6,2160.0,1.5,IDHmut_TP53wt,126,3,-202.70785900727518,-1.971429977693411,69.05033138653651,19.138891879685808
co_separated,20260916,10.0,7,2520.0,1.75,IDHmut_TP53mut,153,0,198.42307118488824,-5.430032606298434,75.22714976794437,18.747815512589153
co_separated,20260916,10.0,7,2520.0,1.75,IDHmut_TP53wt,128,3,-202.54010658733407,-1.5421658699989553,71.03582286908747,18.747815512589153
co_separated,20260916,10.0,8,2880.0,2.0,IDHmut_TP53mut,161,0,199.57262920009885,-4.814250561240471,77.3752729773279,18.811702128709648
co_separated,20260916,10.0,8,2880.0,2.0,IDHmut_TP53wt,133,4,-202.90632841589965,-2.787138633953237,71.98703561286904,18.811702128709648
co_separated,20260916,10.0,9,3240.0,2.25,IDHmut_TP53mut,171,0,199.26974204375787,-4.792762261270948,79.17137282700199,18.18873762523285
co_separated,20260916,10.0,9,3240.0,2.25,IDHmut_TP53wt,139,4,-205.61932717570588,-0.15268344796476963,73.7010995112147,18.18873762523285
co_separated,20260916,10.0,10,3600.0,2.5,IDHmut_TP53mut,178,1,198.0021474116676,-3.252555175132258,81.57712200003279,17.857597435961445
co_separated,20260916,10.0,10,3600.0,2.5,IDHmut_TP53wt,148,2,-208.14733108991135,2.222636704555876,75.22876695951194,17.857597435961445
co_separated,20260916,10.0,11,3960.0,2.75,IDHmut_TP53mut,191,0,196.97549910473796,-5.727277106026524,83.9382433891025,17.48445071859241
co_separated,20260916,10.0,11,3960.0,2.75,IDHmut_TP53wt,144,7,-208.54472758594116,3.1507477405781024,76.24628701851135,17.48445071859241
co_separated,20260916,10.0,12,4320.0,3.0,IDHmut_TP53mut,206,1,197.44692180846022,-6.45649049773003,86.57690810674758,17.10898921828432
co_separated,20260916,10.0,12,4320.0,3.0,IDHmut_TP53wt,145,7,-209.54091239448687,2.7644958652699407,77.42913003126543,17.10898921828432
co_separated,20260916,10.0,13,4680.0,3.25,IDHmut_TP53mut,218,1,197.14223265269604,-6.714718358177509,89.29371554692315,16.48857045656765
co_separated,20260916,10.0,13,4680.0,3.25,IDHmut_TP53wt,151,5,-208.63077437397897,0.6439887644440191,79.07956995262612,16.48857045656765
co_separated,20260916,10.0,14,5040.0,3.5,IDHmut_TP53mut,236,1,199.16760323577287,-6.265775536575738,91.75803865233082,16.023045530720747
co_separated,20260916,10.0,14,5040.0,3.5,IDHmut_TP53wt,157,2,-209.58367929069968,-0.777865197537222,80.0701483128245,16.023045530720747
co_separated,20260916,10.0,15,5400.0,3.75,IDHmut_TP53mut,246,0,199.01857965179735,-5.839677254204132,94.79872433036917,15.792233987595583
co_separated,20260916,10.0,15,5400.0,3.75,IDHmut_TP53wt,157,3,-208.2686245501581,-0.8015656202265322,80.46681933612143,15.792233987595583
co_separated,20260916,10.0,16,5760.0,4.0,IDHmut_TP53mut,262,2,200.4202318630141,-5.676164462819796,97.7278238386382,15.526614566607886
co_separated,20260916,10.0,16,5760.0,4.0,IDHmut_TP53wt,162,7,-209.96357032937183,-2.7998419591384724,80.78782348675877,15.526614566607886
co_separated,20260916,10.0,17,6120.0,4.25,IDHmut_TP53mut,278,2,200.1338101726072,-6.823142126414709,99.79483242145879,15.111672273573301
co_separated,20260916,10.0,17,6120.0,4.25,IDHmut_TP53wt,172,3,-207.67622994817202,-2.446962853585967,82.25533297442702,15.111672273573301
co_separated,20260916,10.0,18,6480.0,4.5,IDHmut_TP53mut,286,2,200.43050861315263,-6.229494582127181,101.59253347807102,14.517472430107492
co_separated,20260916,10.0,18,6480.0,4.5,IDHmut_TP53wt,181,1,-206.83890575516506,-2.481763118387684,83.98120777499258,14.517472430107492
co_separated,20260916,10.0,19,6840.0,4.75,IDHmut_TP53mut,304,2,201.34116971771385,-6.382012941039824,103.85335770078092,14.09169475419037
co_separated,20260916,10.0,19,6840.0,4.75,IDHmut_TP53wt,190,4,-206.5014870030273,0.09934015468277192,85.21583813708908,14.09169475419037
co_separated,20260916,10.0,20,7200.0,5.0,IDHmut_TP53mut,334,1,203.00031784555935,-6.40083416445613,106.43725638329569,13.789332230966837
co_separated,20260916,10.0,20,7200.0,5.0,IDHmut_TP53wt,197,0,-206.1446879395623,0.4842348811651946,87.0106257666156,13.789332230966837
co_separated,20260916,10.0,21,7560.0,5.25,IDHmut_TP53mut,352,0,202.0813889864579,-5.748017438095842,110.1971802266154,13.101118112684322
co_separated,20260916,10.0,21,7560.0,5.25,IDHmut_TP53wt,203,6,-205.23637480237375,2.019621350199459,88.66839495843787,13.101118112684322
co_separated,20260916,10.0,22,7920.0,5.5,IDHmut_TP53mut,370,0,200.540066289098,-6.15846768981143,114.130218326374,12.703240910820732
co_separated,20260916,10.0,22,7920.0,5.5,IDHmut_TP53wt,205,5,-205.25440366591863,1.1356237689298767,90.47205203227557,12.703240910820732
co_swapped,20260907,10.0,0,0.0,0.0,IDHmut_TP53mut,100,0,-197.942296,-4.816306,32.79986457934161,38.0
co_swapped,20260907,10.0,0,0.0,0.0,IDHmut_TP53wt,100,0,203.36219499999999,0.39543299999999976,35.83148571563404,38.0
co_swapped,20260907,10.0,1,360.0,0.25,IDHmut_TP53mut,104,0,-197.3528078504878,-3.781405779042781,61.305517537527244,20.614546771536478
co_swapped,20260907,10.0,1,360.0,0.25,IDHmut_TP53wt,105,3,203.01163457581418,-1.531663342767,61.50318537511498,20.614546771536478
co_swapped,20260907,10.0,2,720.0,0.5,IDHmut_TP53mut,112,0,-198.51886600320222,-3.9788738762277456,63.59758602851698,20.70836242544373
co_swapped,20260907,10.0,2,720.0,0.5,IDHmut_TP53wt,109,3,202.77223988492995,-1.8303435488393112,63.03919137922147,20.70836242544373
co_swapped,20260907,10.0,3,1080.0,0.75,IDHmut_TP53mut,117,0,-198.51716196207767,-3.4581609418694805,65.70106107761538,20.338025025040725
co_swapped,20260907,10.0,3,1080.0,0.75,IDHmut_TP53wt,108,4,203.57331429173067,-4.293113857924992,64.71448625036159,20.338025025040725
co_swapped,20260907,10.0,4,1440.0,1.0,IDHmut_TP53mut,122,1,-199.55663482274085,-1.333738899125425,67.41116308005181,20.179134002180106
co_swapped,20260907,10.0,4,1440.0,1.0,IDHmut_TP53wt,108,8,203.06405630707454,-4.878838220746741,65.56858883818055,20.179134002180106
co_swapped,20260907,10.0,5,1800.0,1.25,IDHmut_TP53mut,128,0,-199.97472383693702,0.4713200812959766,69.47228773400303,19.911910364806094
co_swapped,20260907,10.0,5,1800.0,1.25,IDHmut_TP53wt,110,6,202.05140988818695,-3.3685108089716707,67.1125972026623,19.911910364806094
co_swapped,20260907,10.0,6,2160.0,1.5,IDHmut_TP53mut,133,0,-199.64941004152524,-0.7719641458152968,71.05532960846024,19.94005350159334
co_swapped,20260907,10.0,6,2160.0,1.5,IDHmut_TP53wt,110,5,203.8714730605459,-4.3639161081906055,67.13886347977305,19.94005350159334
co_swapped,20260907,10.0,7,2520.0,1.75,IDHmut_TP53mut,144,1,-196.69027187228562,-2.1009611762853484,73.00719255498912,19.423820210902562
co_swapped,20260907,10.0,7,2520.0,1.75,IDHmut_TP53wt,114,3,204.30886065331006,-5.189641443384872,68.2252876881487,19.423820210902562
co_swapped,20260907,10.0,8,2880.0,2.0,IDHmut_TP53mut,149,2,-198.90423962371662,-1.0892529349537272,74.53030858118117,19.156286158574897
co_swapped,20260907,10.0,8,2880.0,2.0,IDHmut_TP53wt,116,1,205.7184133286203,-3.60779409248903,68.65098673873564,19.156286158574897
co_swapped,20260907,10.0,9,3240.0,2.25,IDHmut_TP53mut,154,1,-199.71278858537391,-0.8152191033278573,75.87920565160591,18.85244578061948
co_swapped,20260907,10.0,9,3240.0,2.25,IDHmut_TP53wt,131,1,205.84486779901147,-3.9524528934623286,70.34470979028575,18.85244578061948
co_swapped,20260907,10.0,10,3600.0,2.5,IDHmut_TP53mut,169,0,-199.99271670037086,0.05142264596760518,78.202948717175,18.647347842281448
co_swapped,20260907,10.0,10,3600.0,2.5,IDHmut_TP53wt,133,2,205.8731879718408,-4.553446805824631,72.00170811953649,18.647347842281448
co_swapped,20260907,10.0,11,3960.0,2.75,IDHmut_TP53mut,179,0,-202.80423998069386,1.8857554694372338,81.11890392743386,18.07298851745148
co_swapped,20260907,10.0,11,3960.0,2.75,IDHmut_TP53wt,136,3,205.64725397049438,-4.949540573859412,72.21986867000662,18.07298851745148
co_swapped,20260907,10.0,12,4320.0,3.0,IDHmut_TP53mut,186,0,-202.28260354140969,2.633986369245974,83.26316697358041,17.388522818449136
co_swapped,20260907,10.0,12,4320.0,3.0,IDHmut_TP53wt,148,3,207.3995827059704,-2.941993253548115,74.49822543267055,17.388522818449136
co_swapped,20260907,10.0,13,4680.0,3.25,IDHmut_TP53mut,193,1,-202.93663744020378,3.0632006766081945,85.14747470660794,17.14762176497474
co_swapped,20260907,10.0,13,4680.0,3.25,IDHmut_TP53wt,154,2,209.0675564761541,-4.520995229385181,76.50059117458892,17.14762176497474
co_swapped,20260907,10.0,14,5040.0,3.5,IDHmut_TP53mut,205,1,-205.1199511087151,1.9283022551442288,87.51559444036256,16.858556774586916
co_swapped,20260907,10.0,14,5040.0,3.5,IDHmut_TP53wt,156,4,209.15357488392414,-7.5177762433552555,77.74025265880383,16.858556774586916
co_swapped,20260907,10.0,15,5400.0,3.75,IDHmut_TP53mut,217,0,-204.53944611009047,2.7230159768633238,89.21325217334143,16.585321718249126
co_swapped,20260907,10.0,15,5400.0,3.75,IDHmut_TP53wt,159,5,209.43946859164006,-9.33498483519955,79.11986002543864,16.585321718249126
co_swapped,20260907,10.0,16,5760.0,4.0,IDHmut_TP53mut,229,0,-203.4394459154178,2.3256261376644214,91.71976149534906,16.180954104771125
co_swapped,20260907,10.0,16,5760.0,4.0,IDHmut_TP53wt,174,3,208.91946457979014,-8.642576939962666,80.21879621924552,16.180954104771125
co_swapped,20260907,10.0,17,6120.0,4.25,IDHmut_TP53mut,243,1,-202.51714284765225,2.3898567625027574,93.40812540991452,15.747732884944085
co_swapped,20260907,10.0,17,6120.0,4.25,IDHmut_TP53wt,193,2,209.4165162000272,-9.639372974808696,82.9644059493964,15.747732884944085
co_swapped,20260907,10.0,18,6480.0,4.5,IDHmut_TP53mut,259,0,-203.64333615810904,2.7687627897942892,95.59285958019906,15.271898056275186
co_swapped,20260907,10.0,18,6480.0,4.5,IDHmut_TP53wt,196,5,209.37329530866347,-10.024021300484915,85.9963747524213,15.271898056275186
co_swapped,20260907,10.0,19,6840.0,4.75,IDHmut_TP53mut,281,0,-204.12965018963237,0.6546781968932845,98.52396097320623,14.85918784127575
co_swapped,20260907,10.0,19,6840.0,4.75,IDHmut_TP53wt,199,5,209.35693968793015,-11.04130410075639,87.21759013289748,14.85918784127575
co_swapped,20260907,10.0,20,7200.0,5.0,IDHmut_TP53mut,300,1,-203.89625508516136,-1.0915664256368007,102.00995369954967,14.236013290911716
co_swapped,20260907,10.0,20,7200.0,5.0,IDHmut_TP53wt,204,6,208.86996764976385,-10.868286357947422,87.85547185864824,14.236013290911716
co_swapped,20260907,10.0,21,7560.0,5.25,IDHmut_TP53mut,321,1,-205.14709697514957,-1.573862877132784,105.66468046759017,14.032439077492544
co_swapped,20260907,10.0,21,7560.0,5.25,IDHmut_TP53wt,212,4,210.84774924699883,-10.365974307313678,89.5765178644465,14.032439077492544
co_swapped,20260907,10.0,22,7920.0,5.5,IDHmut_TP53mut,338,1,-204.7485012466442,-0.7444478480227915,108.62794139883474,13.470621328599053
co_swapped,20260907,10.0,22,7920.0,5.5,IDHmut_TP53wt,216,7,211.29079712790895,-11.877328926655753,91.26239254787632,13.470621328599053
co_swapped,20260908,10.0,0,0.0,0.0,IDHmut_TP53mut,100,0,-199.02425900000003,6.09182,33.39497368685921,38.0
co_swapped,20260908,10.0,0,0.0,0.0,IDHmut_TP53wt,100,0,201.32205899999997,-2.2695200000000004,34.13213412967931,38.0
co_swapped,20260908,10.0,1,360.0,0.25,IDHmut_TP53mut,102,0,-199.0578644637373,6.348680433138962,60.72169283363969,20.998146353796937
co_swapped,20260908,10.0,1,360.0,0.25,IDHmut_TP53wt,102,3,200.86519317847421,-1.787186134572703,61.36291924044074,20.998146353796937
co_swapped,20260908,10.0,2,720.0,0.5,IDHmut_TP53mut,110,0,-200.32922660236278,6.2902579561445,63.33962489652997,20.80135895056022
co_swapped,20260908,10.0,2,720.0,0.5,IDHmut_TP53wt,102,2,200.34942320635633,-1.6275597066047274,62.46282182280382,20.80135895056022
co_swapped,20260908,10.0,3,1080.0,0.75,IDHmut_TP53mut,118,1,-198.95971861186226,5.518961896143354,65.8564518380799,20.623814079452107
co_swapped,20260908,10.0,3,1080.0,0.75,IDHmut_TP53wt,106,6,198.45486134548605,-2.9079444220192263,63.6205586633538,20.623814079452107
co_swapped,20260908,10.0,4,1440.0,1.0,IDHmut_TP53mut,122,0,-198.40822864156124,4.088240649920243,67.19715143820646,19.479752758484153
co_swapped,20260908,10.0,4,1440.0,1.0,IDHmut_TP53wt,109,7,198.33653165822105,-2.7769064926610554,64.83243237820086,19.479752758484153
co_swapped,20260908,10.0,5,1800.0,1.25,IDHmut_TP53mut,127,1,-198.18086637311967,3.2577503889209374,69.40585821825792,19.78289253882344
co_swapped,20260908,10.0,5,1800.0,1.25,IDHmut_TP53wt,120,2,197.9457273569839,-3.4937959195485773,67.17462712419423,19.78289253882344
co_swapped,20260908,10.0,6,2160.0,1.5,IDHmut_TP53mut,131,1,-197.8700783430512,2.414553783901618,70.03170579922661,19.59882098093825
co_swapped,20260908,10.0,6,2160.0,1.5,IDHmut_TP53wt,126,1,197.4005163925833,-4.407546627430766,69.6818477353504,19.59882098093825
co_swapped,20260908,10.0,7,2520.0,1.75,IDHmut_TP53mut,137,0,-197.3170130839891,0.9553213903573362,71.96894907149617,19.04293705099382
co_swapped,20260908,10.0,7,2520.0,1.75,IDHmut_TP53wt,129,1,198.72576282002512,-4.58293869655975,70.89944071665131,19.04293705099382
co_swapped,20260908,10.0,8,2880.0,2.0,IDHmut_TP53mut,144,0,-197.48350899734288,-0.026070987133739405,73.70159187791698,18.93062759509136
co_swapped,20260908,10.0,8,2880.0,2.0,IDHmut_TP53wt,138,1,198.8388606144095,-8.06526246419104,72.02398864157404,18.93062759509136
co_swapped,20260908,10.0,9,3240.0,2.25,IDHmut_TP53mut,150,0,-195.8334288435034,0.30091540970205755,75.13528108569194,18.624562427724783
co_swapped,20260908,10.0,9,3240.0,2.25,IDHmut_TP53wt,141,5,197.76821256701092,-6.388365586427745,74.1477059929201,18.624562427724783
co_swapped,20260908,10.0,10,3600.0,2.5,IDHmut_TP53mut,156,0,-195.85893062911776,0.2669548044600491,76.49208133430753,18.562192962440236
co_swapped,20260908,10.0,10,3600.0,2.5,IDHmut_TP53wt,148,8,197.82256633478357,-7.621736502660758,76.14516479875012,18.562192962440236
co_swapped,20260908,10.0,11,3960.0,2.75,IDHmut_TP53mut,161,1,-196.282739529173,1.5431308951723808,77.81521168306129,18.256316872914816
co_swapped,20260908,10.0,11,3960.0,2.75,IDHmut_TP53wt,155,8,198.9469337326185,-9.227897947629817,77.53046540867737,18.256316872914816
co_swapped,20260908,10.0,12,4320.0,3.0,IDHmut_TP53mut,169,0,-195.8838770503544,2.1436919048445833,78.9580820509144,17.955334075643385
co_swapped,20260908,10.0,12,4320.0,3.0,IDHmut_TP53wt,162,5,199.2823683071998,-7.244698613331066,79.17965823926195,17.955334075643385
co_swapped,20260908,10.0,13,4680.0,3.25,IDHmut_TP53mut,179,1,-195.1483315289265,3.4879226174723543,81.50654980168929,17.51058423715409
co_swapped,20260908,10.0,13,4680.0,3.25,IDHmut_TP53wt,165,6,198.63962417699523,-5.271368872835237,80.81081904759267,17.51058423715409
co_swapped,20260908,10.0,14,5040.0,3.5,IDHmut_TP53mut,188,1,-194.55142415422745,4.653385319555093,83.24085611063346,16.95010249579025
co_swapped,20260908,10.0,14,5040.0,3.5,IDHmut_TP53wt,171,6,199.55695071355302,-7.791013682946774,82.71592475777923,16.95010249579025
co_swapped,20260908,10.0,15,5400.0,3.75,IDHmut_TP53mut,192,1,-195.1915880918235,3.737770923448693,84.72246262919457,16.915459220100587
co_swapped,20260908,10.0,15,5400.0,3.75,IDHmut_TP53wt,178,5,197.72407652188522,-6.959425024836826,83.6426123039095,16.915459220100587
co_swapped,20260908,10.0,16,5760.0,4.0,IDHmut_TP53mut,203,1,-196.0495375325507,3.0367054724758913,86.8724432823417,16.698899221674285
co_swapped,20260908,10.0,16,5760.0,4.0,IDHmut_TP53wt,187,8,197.80196499857982,-11.344162576255853,85.75351808529427,16.698899221674285
co_swapped,20260908,10.0,17,6120.0,4.25,IDHmut_TP53mut,210,1,-195.87138981129272,2.590714158613073,88.18790626311966,16.22323365163019
co_swapped,20260908,10.0,17,6120.0,4.25,IDHmut_TP53wt,191,8,196.63107772776902,-12.283642357741591,87.31330777411551,16.22323365163019
co_swapped,20260908,10.0,18,6480.0,4.5,IDHmut_TP53mut,222,1,-197.6280712864479,2.277395269379547,90.02359107984975,15.91828145278455
co_swapped,20260908,10.0,18,6480.0,4.5,IDHmut_TP53wt,200,3,196.8556029468993,-12.80699350154494,89.04898473046914,15.91828145278455
co_swapped,20260908,10.0,19,6840.0,4.75,IDHmut_TP53mut,238,0,-196.43734667558894,0.3870123374450809,92.26834703585172,15.45310053251579
co_swapped,20260908,10.0,19,6840.0,4.75,IDHmut_TP53wt,207,3,198.7811773771992,-11.649218795979062,89.84804608820274,15.45310053251579
co_swapped,20260908,10.0,20,7200.0,5.0,IDHmut_TP53mut,256,0,-195.9331097974577,0.2223687470398117,95.62198890118032,15.108656321550995
co_swapped,20260908,10.0,20,7200.0,5.0,IDHmut_TP53wt,209,10,198.60793676055715,-11.137605011709908,90.71440131392278,15.108656321550995
co_swapped,20260908,10.0,21,7560.0,5.25,IDHmut_TP53mut,270,1,-194.30955159438412,1.9618132456817845,99.26224766074395,14.635652022415272
co_swapped,20260908,10.0,21,7560.0,5.25,IDHmut_TP53wt,227,7,197.9899021337322,-8.713841667725816,92.6079447388694,14.635652022415272
co_swapped,20260908,10.0,22,7920.0,5.5,IDHmut_TP53mut,281,1,-194.06977470569603,2.716153896523616,100.83029944859187,14.209570781089198
co_swapped,20260908,10.0,22,7920.0,5.5,IDHmut_TP53wt,238,9,198.06936486628925,-7.457697596975555,95.10608204604983,14.209570781089198
co_swapped,20260909,10.0,0,0.0,0.0,IDHmut_TP53mut,100,0,-202.18107900000004,0.542454,33.16974900151256,38.0
co_swapped,20260909,10.0,0,0.0,0.0,IDHmut_TP53wt,100,0,199.67431500000004,-1.6866380000000003,34.76312203917006,38.0
co_swapped,20260909,10.0,1,360.0,0.25,IDHmut_TP53mut,106,0,-201.83260596134102,1.3008322801247683,61.53124285748906,20.985917494066676
co_swapped,20260909,10.0,1,360.0,0.25,IDHmut_TP53wt,103,3,198.56410874979605,-1.5209569158192668,61.221333278823934,20.985917494066676
co_swapped,20260909,10.0,2,720.0,0.5,IDHmut_TP53mut,110,0,-201.11269297212732,0.6138755237694821,63.26240672031089,20.72925879935262
co_swapped,20260909,10.0,2,720.0,0.5,IDHmut_TP53wt,104,2,197.39210042373787,-1.7118128536660704,62.89322656788058,20.72925879935262
co_swapped,20260909,10.0,3,1080.0,0.75,IDHmut_TP53mut,115,0,-203.0552181107615,1.949593553184666,64.43702237347424,20.436266936687577
co_swapped,20260909,10.0,3,1080.0,0.75,IDHmut_TP53wt,112,0,197.36891914888534,0.02155997534255175,64.07279250377867,20.436266936687577
co_swapped,20260909,10.0,4,1440.0,1.0,IDHmut_TP53mut,123,0,-204.5976049428971,2.690845304328623,66.51049242002453,20.393101136150804
co_swapped,20260909,10.0,4,1440.0,1.0,IDHmut_TP53wt,118,1,198.29686487987865,-2.1024117780317706,67.1482635768452,20.393101136150804
co_swapped,20260909,10.0,5,1800.0,1.25,IDHmut_TP53mut,127,1,-203.88255425070332,2.9068358927230964,68.59482489013769,19.595209537202617
co_swapped,20260909,10.0,5,1800.0,1.25,IDHmut_TP53wt,123,2,197.15610994446928,-2.8549990933567457,68.48660057148741,19.595209537202617
co_swapped,20260909,10.0,6,2160.0,1.5,IDHmut_TP53mut,134,1,-203.90758213193362,4.439810092362696,71.05073385462214,19.43924867172072
co_swapped,20260909,10.0,6,2160.0,1.5,IDHmut_TP53wt,124,3,197.81177219533853,-2.713908027826347,69.38435438571271,19.43924867172072
co_swapped,20260909,10.0,7,2520.0,1.75,IDHmut_TP53mut,141,0,-203.0884533612122,4.897014371013624,72.86046366357218,19.180745108610857
co_swapped,20260909,10.0,7,2520.0,1.75,IDHmut_TP53wt,127,5,196.99999496889794,-1.3119910445123908,70.4732616135175,19.180745108610857
co_swapped,20260909,10.0,8,2880.0,2.0,IDHmut_TP53mut,153,0,-202.77447187562254,4.825191526206245,74.99774807742163,18.753494277523824
co_swapped,20260909,10.0,8,2880.0,2.0,IDHmut_TP53wt,136,3,195.32577844181213,-2.739814481898899,72.66102549696657,18.753494277523824
co_swapped,20260909,10.0,9,3240.0,2.25,IDHmut_TP53mut,161,0,-201.6010725763277,5.056400458173214,77.23784310578804,18.369087578476396
co_swapped,20260909,10.0,9,3240.0,2.25,IDHmut_TP53wt,145,3,196.93437028134161,-1.798696393443264,75.55072590421128,18.369087578476396
co_swapped,20260909,10.0,10,3600.0,2.5,IDHmut_TP53mut,169,0,-202.11179982340076,5.351206905134693,79.54682932874421,17.98985463810401
co_swapped,20260909,10.0,10,3600.0,2.5,IDHmut_TP53wt,151,2,197.2906127695258,-2.3659745052276726,77.28727965126328,17.98985463810401
co_swapped,20260909,10.0,11,3960.0,2.75,IDHmut_TP53mut,178,0,-201.1085179506033,3.7401565842454056,81.39398836045947,17.700234525715153
co_swapped,20260909,10.0,11,3960.0,2.75,IDHmut_TP53wt,151,5,196.9099544008424,-3.597492768915822,78.34204231264877,17.700234525715153
co_swapped,20260909,10.0,12,4320.0,3.0,IDHmut_TP53mut,190,0,-201.4350986369811,2.3179607996699665,83.13215519168284,17.341739505027906
co_swapped,20260909,10.0,12,4320.0,3.0,IDHmut_TP53wt,159,7,198.39054469164017,-3.891214328730877,79.77218078145471,17.341739505027906
co_swapped,20260909,10.0,13,4680.0,3.25,IDHmut_TP53mut,199,0,-201.86951246549447,2.300151901065609,84.69948601175484,16.98630934873701
co_swapped,20260909,10.0,13,4680.0,3.25,IDHmut_TP53wt,166,4,196.7440400244155,-5.796803007685013,81.50830467406551,16.98630934873701
co_swapped,20260909,10.0,14,5040.0,3.5,IDHmut_TP53mut,206,0,-202.21353036896096,2.576713006211043,87.01340599861923,16.448854418406274
co_swapped,20260909,10.0,14,5040.0,3.5,IDHmut_TP53wt,177,2,197.32131488947527,-6.440600732867014,84.06793065023761,16.448854418406274
co_swapped,20260909,10.0,15,5400.0,3.75,IDHmut_TP53mut,214,1,-202.340275249515,3.925682621695341,88.93922808528765,16.344317537085615
co_swapped,20260909,10.0,15,5400.0,3.75,IDHmut_TP53wt,188,3,196.65224358975428,-5.89423649083544,85.42419469662129,16.344317537085615
co_swapped,20260909,10.0,16,5760.0,4.0,IDHmut_TP53mut,236,0,-200.31326739102494,3.646324451604023,91.19027773274019,16.167077182758113
co_swapped,20260909,10.0,16,5760.0,4.0,IDHmut_TP53wt,196,4,195.63514668869482,-6.953641570045253,86.998495444992,16.167077182758113
co_swapped,20260909,10.0,17,6120.0,4.25,IDHmut_TP53mut,247,2,-200.71650962297358,4.173678684739963,94.23968190759783,15.309723054232128
co_swapped,20260909,10.0,17,6120.0,4.25,IDHmut_TP53wt,202,5,197.1576630151375,-7.020974147550242,89.28167265334874,15.309723054232128
co_swapped,20260909,10.0,18,6480.0,4.5,IDHmut_TP53mut,261,0,-199.30124053818344,4.662371591095514,96.72532162903954,14.900125909521819
co_swapped,20260909,10.0,18,6480.0,4.5,IDHmut_TP53wt,212,4,195.9854705860592,-9.484223255802672,90.49816709031897,14.900125909521819
co_swapped,20260909,10.0,19,6840.0,4.75,IDHmut_TP53mut,274,0,-198.54449337062616,6.508280782287058,98.96636552007122,14.382163449941144
co_swapped,20260909,10.0,19,6840.0,4.75,IDHmut_TP53wt,221,2,195.3245910541281,-8.308932115709709,92.40571130569774,14.382163449941144
co_swapped,20260909,10.0,20,7200.0,5.0,IDHmut_TP53mut,288,1,-198.94443533490053,5.7406248025245405,101.66202048970189,14.090675845292635
co_swapped,20260909,10.0,20,7200.0,5.0,IDHmut_TP53wt,225,5,195.62527815195745,-9.990853141822294,93.97706658699921,14.090675845292635
co_swapped,20260909,10.0,21,7560.0,5.25,IDHmut_TP53mut,303,1,-198.60499107300674,8.03440959128505,105.30449507831628,13.734152341304194
co_swapped,20260909,10.0,21,7560.0,5.25,IDHmut_TP53wt,233,4,196.45145056972788,-9.173128505476308,95.94046965993587,13.734152341304194
co_swapped,20260909,10.0,22,7920.0,5.5,IDHmut_TP53mut,318,0,-199.37506714828794,7.971487866611459,107.03281452555335,13.40703375757567
co_swapped,20260909,10.0,22,7920.0,5.5,IDHmut_TP53wt,246,6,196.32535854136742,-7.617336133840142,97.11817393607024,13.40703375757567
co_swapped,20260910,10.0,0,0.0,0.0,IDHmut_TP53mut,100,0,-199.13210500000002,-2.508281,35.333315797448364,38.0
co_swapped,20260910,10.0,0,0.0,0.0,IDHmut_TP53wt,100,0,200.919548,3.0793880000000007,35.4214885703827,38.0
co_swapped,20260910,10.0,1,360.0,0.25,IDHmut_TP53mut,106,0,-199.0169898316885,-3.8422244707214235,61.276923311444214,20.787327914280084
co_swapped,20260910,10.0,1,360.0,0.25,IDHmut_TP53wt,108,0,201.45055829489246,2.230424291892294,61.196635310097875,20.787327914280084
co_swapped,20260910,10.0,2,720.0,0.5,IDHmut_TP53mut,113,1,-198.11658666280468,-3.550060234360729,64.37429786103694,20.68978209563011
co_swapped,20260910,10.0,2,720.0,0.5,IDHmut_TP53wt,116,2,201.54212489082303,4.140127424223513,63.97814267930513,20.68978209563011
co_swapped,20260910,10.0,3,1080.0,0.75,IDHmut_TP53mut,116,0,-197.79462951730892,-3.713435420613638,65.1865324028221,20.533293337579977
co_swapped,20260910,10.0,3,1080.0,0.75,IDHmut_TP53wt,114,5,202.6146275821867,5.312215694853795,65.95141189809146,20.533293337579977
co_swapped,20260910,10.0,4,1440.0,1.0,IDHmut_TP53mut,125,0,-197.47730287572912,-5.471247372909993,67.21872352157803,20.236306367244342
co_swapped,20260910,10.0,4,1440.0,1.0,IDHmut_TP53wt,118,3,201.7586918007222,6.746619544186527,67.19024526176423,20.236306367244342
co_swapped,20260910,10.0,5,1800.0,1.25,IDHmut_TP53mut,132,0,-194.64479751867452,-5.066206650441736,69.42410277186339,19.8418873928248
co_swapped,20260910,10.0,5,1800.0,1.25,IDHmut_TP53wt,121,2,201.55685555494765,7.060631853683961,67.96991925911568,19.8418873928248
co_swapped,20260910,10.0,6,2160.0,1.5,IDHmut_TP53mut,139,0,-193.36700996125393,-3.514762198630488,71.58720342180916,19.339899004183916
co_swapped,20260910,10.0,6,2160.0,1.5,IDHmut_TP53wt,125,3,203.4159696309704,8.425167047935371,69.61012270267027,19.339899004183916
co_swapped,20260910,10.0,7,2520.0,1.75,IDHmut_TP53mut,142,0,-193.5349040280255,-3.3451546047588834,72.95505154763528,19.123419707755072
co_swapped,20260910,10.0,7,2520.0,1.75,IDHmut_TP53wt,133,0,204.43677803435577,7.012522598712878,70.96183210028698,19.123419707755072
co_swapped,20260910,10.0,8,2880.0,2.0,IDHmut_TP53mut,149,1,-196.0323332480071,-4.379392599691092,74.66852656332746,18.955843622375113
co_swapped,20260910,10.0,8,2880.0,2.0,IDHmut_TP53wt,136,5,202.54446179422175,7.649351510378506,73.05810533238395,18.955843622375113
co_swapped,20260910,10.0,9,3240.0,2.25,IDHmut_TP53mut,154,0,-196.7337508404442,-4.38303866473064,76.09961223081983,18.792322705169905
co_swapped,20260910,10.0,9,3240.0,2.25,IDHmut_TP53wt,142,6,200.75834446831934,7.899600358167953,75.160422654302,18.792322705169905
co_swapped,20260910,10.0,10,3600.0,2.5,IDHmut_TP53mut,163,1,-197.69631987635347,-4.660552253684277,78.89162410370722,18.515477913142053
co_swapped,20260910,10.0,10,3600.0,2.5,IDHmut_TP53wt,141,4,200.95356840675956,8.640736438175734,76.27124369914537,18.515477913142053
co_swapped,20260910,10.0,11,3960.0,2.75,IDHmut_TP53mut,167,0,-197.1942642081186,-4.022686627456646,80.55689107118044,18.543300558920393
co_swapped,20260910,10.0,11,3960.0,2.75,IDHmut_TP53wt,146,3,200.73611519336185,8.783224441400659,76.91930652529746,18.543300558920393
co_swapped,20260910,10.0,12,4320.0,3.0,IDHmut_TP53mut,174,0,-197.92443794634332,-3.8102723446314037,81.75745965711447,18.15984137341094
co_swapped,20260910,10.0,12,4320.0,3.0,IDHmut_TP53wt,151,1,200.68455718464003,9.367706215566008,77.1699408287113,18.15984137341094
co_swapped,20260910,10.0,13,4680.0,3.25,IDHmut_TP53mut,182,1,-196.31158699018005,-3.35744298757692,83.50108967365288,17.828258713337203
co_swapped,20260910,10.0,13,4680.0,3.25,IDHmut_TP53wt,154,7,201.10251954156718,8.473120158054577,78.1514996902606,17.828258713337203
co_swapped,20260910,10.0,14,5040.0,3.5,IDHmut_TP53mut,195,2,-197.42219160712867,-3.292872485407697,85.7382408919375,17.04639596318334
co_swapped,20260910,10.0,14,5040.0,3.5,IDHmut_TP53wt,161,3,201.42155161440897,10.205414445159274,79.65982559421889,17.04639596318334
co_swapped,20260910,10.0,15,5400.0,3.75,IDHmut_TP53mut,203,1,-199.27971809999957,-3.8361223469379797,88.11424464695779,16.658547633685377
co_swapped,20260910,10.0,15,5400.0,3.75,IDHmut_TP53wt,178,3,203.5218175776377,10.210524474613033,81.2830813710451,16.658547633685377
co_swapped,20260910,10.0,16,5760.0,4.0,IDHmut_TP53mut,220,0,-199.65772426979657,-3.1755805635363066,90.60114714345339,16.255700671368466
co_swapped,20260910,10.0,16,5760.0,4.0,IDHmut_TP53wt,186,4,205.2431732281867,10.736405284985851,84.57817917031296,16.255700671368466
co_swapped,20260910,10.0,17,6120.0,4.25,IDHmut_TP53mut,231,0,-197.39130358559459,-2.8180175260212463,92.6590521358028,15.668214483246018
co_swapped,20260910,10.0,17,6120.0,4.25,IDHmut_TP53wt,190,7,206.22592209917738,11.03220932782713,86.32366894803398,15.668214483246018
co_swapped,20260910,10.0,18,6480.0,4.5,IDHmut_TP53mut,242,0,-196.6194718187011,-4.132228308816989,94.69717201167133,15.565161810387307
co_swapped,20260910,10.0,18,6480.0,4.5,IDHmut_TP53wt,194,6,207.3738268845782,13.109618587003402,86.63547113406521,15.565161810387307
co_swapped,20260910,10.0,19,6840.0,4.75,IDHmut_TP53mut,253,1,-195.83747738592302,-5.065032877678108,96.31190087143565,15.434038106425547
co_swapped,20260910,10.0,19,6840.0,4.75,IDHmut_TP53wt,202,3,207.48875188223178,11.438699385095685,88.36273232129592,15.434038106425547
co_swapped,20260910,10.0,20,7200.0,5.0,IDHmut_TP53mut,269,0,-196.34827137916108,-3.9910249425671487,98.5856762092815,14.74616304145431
co_swapped,20260910,10.0,20,7200.0,5.0,IDHmut_TP53wt,207,5,207.04535469988673,11.650271158911611,89.65397559911284,14.74616304145431
co_swapped,20260910,10.0,21,7560.0,5.25,IDHmut_TP53mut,287,0,-197.42634970917507,-4.11746376817882,101.4978515526611,14.329541211945047
co_swapped,20260910,10.0,21,7560.0,5.25,IDHmut_TP53wt,213,3,207.58775399285938,12.956751106422377,91.38370901657945,14.329541211945047
co_swapped,20260910,10.0,22,7920.0,5.5,IDHmut_TP53mut,302,1,-198.42499537570018,-3.35402412579586,104.0999528261844,13.931210206691174
co_swapped,20260910,10.0,22,7920.0,5.5,IDHmut_TP53wt,221,6,208.8211041493627,12.598495716621759,93.6131009725325,13.931210206691174
co_swapped,20260911,10.0,0,0.0,0.0,IDHmut_TP53mut,100,0,-201.78308399999997,-3.5222959999999994,34.976012304010986,38.0
co_swapped,20260911,10.0,0,0.0,0.0,IDHmut_TP53wt,100,0,199.74730500000004,1.1192359999999995,34.83179223570586,38.0
co_swapped,20260911,10.0,1,360.0,0.25,IDHmut_TP53mut,111,0,-202.92129771286918,-5.610474597358253,62.10372393470816,20.873097695927452
co_swapped,20260911,10.0,1,360.0,0.25,IDHmut_TP53wt,101,2,199.7237106516474,0.5042158460211976,60.322847476869676,20.873097695927452
co_swapped,20260911,10.0,2,720.0,0.5,IDHmut_TP53mut,117,0,-202.97381251528793,-5.579140778483673,65.48204728460132,20.472431225701932
co_swapped,20260911,10.0,2,720.0,0.5,IDHmut_TP53wt,107,2,198.74647989497132,0.3744574043170609,63.041305733766485,20.472431225701932
co_swapped,20260911,10.0,3,1080.0,0.75,IDHmut_TP53mut,124,0,-200.95676598392154,-4.9195572205033615,68.22277031247442,20.359336994588606
co_swapped,20260911,10.0,3,1080.0,0.75,IDHmut_TP53wt,118,3,196.1338109757409,-0.3719717538181719,66.28353826060905,20.359336994588606
co_swapped,20260911,10.0,4,1440.0,1.0,IDHmut_TP53mut,129,0,-198.9942665233806,-4.738615350360591,70.34131118605482,19.890478746579497
co_swapped,20260911,10.0,4,1440.0,1.0,IDHmut_TP53wt,120,3,194.1452017037418,-1.4282435862274743,67.37135129800876,19.890478746579497
co_swapped,20260911,10.0,5,1800.0,1.25,IDHmut_TP53mut,138,0,-199.13927964032865,-5.4801306840295245,72.17441111428998,19.34524085035836
co_swapped,20260911,10.0,5,1800.0,1.25,IDHmut_TP53wt,131,3,193.32642092646245,-2.6145317158872263,69.39276728114375,19.34524085035836
co_swapped,20260911,10.0,6,2160.0,1.5,IDHmut_TP53mut,153,0,-201.17889484778,-6.196298742118549,74.5326092150506,18.96319833403867
co_swapped,20260911,10.0,6,2160.0,1.5,IDHmut_TP53wt,135,6,192.69669676661655,-3.2413955629749363,71.82759510117397,18.96319833403867
co_swapped,20260911,10.0,7,2520.0,1.75,IDHmut_TP53mut,163,0,-200.8814290141044,-6.174062240502682,77.54175595733953,18.317535146878456
co_swapped,20260911,10.0,7,2520.0,1.75,IDHmut_TP53wt,140,6,191.04680023874243,-2.745482137929715,73.75356059272241,18.317535146878456
co_swapped,20260911,10.0,8,2880.0,2.0,IDHmut_TP53mut,173,0,-198.04753419508657,-4.2405101075450045,79.97288038833348,17.82921346176699
co_swapped,20260911,10.0,8,2880.0,2.0,IDHmut_TP53wt,147,5,188.7512890146872,-2.9219720252394943,75.45117664472039,17.82921346176699
co_swapped,20260911,10.0,9,3240.0,2.25,IDHmut_TP53mut,178,0,-198.26601344275687,-4.827885765061972,82.15239259052825,17.436493052965456
co_swapped,20260911,10.0,9,3240.0,2.25,IDHmut_TP53wt,150,5,188.71471797284178,-3.4471245958020837,75.92998164407265,17.436493052965456
co_swapped,20260911,10.0,10,3600.0,2.5,IDHmut_TP53mut,192,0,-197.7245377577161,-7.080946729408798,83.71266281113198,17.2076799495141
co_swapped,20260911,10.0,10,3600.0,2.5,IDHmut_TP53wt,155,4,188.2658354770515,-2.349077951448014,76.93377911943774,17.2076799495141
co_swapped,20260911,10.0,11,3960.0,2.75,IDHmut_TP53mut,200,1,-196.88885789121915,-7.300962948274335,85.91934339821061,16.514050613827468
co_swapped,20260911,10.0,11,3960.0,2.75,IDHmut_TP53wt,161,4,188.588575241083,-2.5400582081042966,78.78722242088472,16.514050613827468
co_swapped,20260911,10.0,12,4320.0,3.0,IDHmut_TP53mut,213,1,-195.96897570297907,-7.529717221566618,88.26927375171272,16.326846615951993
co_swapped,20260911,10.0,12,4320.0,3.0,IDHmut_TP53wt,166,2,187.88641968353457,-3.6805376311053477,80.26823623661502,16.326846615951993
co_swapped,20260911,10.0,13,4680.0,3.25,IDHmut_TP53mut,225,1,-194.7188846332046,-7.246356087433948,90.97492102164456,15.813588521868395
co_swapped,20260911,10.0,13,4680.0,3.25,IDHmut_TP53wt,174,3,185.42615877287957,-3.7897830556116583,82.18915642577068,15.813588521868395
co_swapped,20260911,10.0,14,5040.0,3.5,IDHmut_TP53mut,243,1,-195.4691562770714,-6.901045971658554,92.82863868698121,15.420387977903252
co_swapped,20260911,10.0,14,5040.0,3.5,IDHmut_TP53wt,181,2,183.67839813716824,-5.215679532971911,83.43788803800713,15.420387977903252
co_swapped,20260911,10.0,15,5400.0,3.75,IDHmut_TP53mut,261,0,-193.69797943255824,-7.246019078241209,95.87173606453851,14.891657541769018
co_swapped,20260911,10.0,15,5400.0,3.75,IDHmut_TP53wt,187,6,183.66781261600497,-4.3957698072725195,84.0727002988296,14.891657541769018
co_swapped,20260911,10.0,16,5760.0,4.0,IDHmut_TP53mut,276,0,-193.6968678877154,-9.063731388796649,98.37262590587866,14.62860748487564
co_swapped,20260911,10.0,16,5760.0,4.0,IDHmut_TP53wt,197,5,183.23492948548898,-4.206469172488013,85.5390322961319,14.62860748487564
co_swapped,20260911,10.0,17,6120.0,4.25,IDHmut_TP53mut,292,0,-193.1103821425683,-10.15689366880912,101.66727788265875,13.987252149202774
co_swapped,20260911,10.0,17,6120.0,4.25,IDHmut_TP53wt,202,3,182.9833052584223,-7.311244544500188,87.54875570794108,13.987252149202774
co_swapped,20260911,10.0,18,6480.0,4.5,IDHmut_TP53mut,304,0,-194.02032631240337,-9.956587518698445,104.26553412587498,13.62926439496401
co_swapped,20260911,10.0,18,6480.0,4.5,IDHmut_TP53wt,215,4,183.03069374909217,-8.21624997336769,88.82765146311091,13.62926439496401
co_swapped,20260911,10.0,19,6840.0,4.75,IDHmut_TP53mut,316,0,-194.31425977185614,-11.348887575710526,106.49252468006449,13.272419254552917
co_swapped,20260911,10.0,19,6840.0,4.75,IDHmut_TP53wt,226,2,181.2306902670128,-10.933035855973756,91.48068712038513,13.272419254552917
co_swapped,20260911,10.0,20,7200.0,5.0,IDHmut_TP53mut,327,1,-193.2368050654048,-11.198089376012609,108.06042325031065,12.963747269828199
co_swapped,20260911,10.0,20,7200.0,5.0,IDHmut_TP53wt,240,2,179.95059163834074,-8.858650088193551,94.76594516228515,12.963747269828199
co_swapped,20260911,10.0,21,7560.0,5.25,IDHmut_TP53mut,339,1,-194.48897986229565,-11.358244768261843,111.08985469052726,12.750374657918817
co_swapped,20260911,10.0,21,7560.0,5.25,IDHmut_TP53wt,248,6,180.5993732799026,-8.499312655837377,96.77530569687485,12.750374657918817
co_swapped,20260911,10.0,22,7920.0,5.5,IDHmut_TP53mut,352,1,-194.99920362835147,-11.733772376936384,113.07743148573148,12.614698532253056
co_swapped,20260911,10.0,22,7920.0,5.5,IDHmut_TP53wt,258,8,177.21575426276658,-8.22929045556705,98.80140597218524,12.614698532253056
co_swapped,20260912,10.0,0,0.0,0.0,IDHmut_TP53mut,100,0,-194.912142,1.9674079999999996,34.501635210287816,38.0
co_swapped,20260912,10.0,0,0.0,0.0,IDHmut_TP53wt,100,0,200.75439600000004,2.1256339999999994,35.528855340162984,38.0
co_swapped,20260912,10.0,1,360.0,0.25,IDHmut_TP53mut,105,0,-196.2284423921163,2.2155768477328457,60.86268893802722,20.466942929846994
co_swapped,20260912,10.0,1,360.0,0.25,IDHmut_TP53wt,107,0,199.95167819928673,3.6004417555228008,61.385250226290324,20.466942929846994
co_swapped,20260912,10.0,2,720.0,0.5,IDHmut_TP53mut,108,0,-196.06424697217412,1.9380800013073085,63.24784754059394,20.687864931361446
co_swapped,20260912,10.0,2,720.0,0.5,IDHmut_TP53wt,107,1,201.27104058178463,3.6183462814322063,62.99905154668616,20.687864931361446
co_swapped,20260912,10.0,3,1080.0,0.75,IDHmut_TP53mut,114,0,-196.20744120073678,2.4292696901265542,65.21361449034234,20.53213248966196
co_swapped,20260912,10.0,3,1080.0,0.75,IDHmut_TP53wt,111,2,200.69286416907286,1.4765883491487928,63.9230299351012,20.53213248966196
co_swapped,20260912,10.0,4,1440.0,1.0,IDHmut_TP53mut,119,0,-197.55801551949727,2.768616509960831,67.02391661818976,20.202412544896852
co_swapped,20260912,10.0,4,1440.0,1.0,IDHmut_TP53wt,117,3,200.47537953343095,-0.029527708519281423,65.93657185731726,20.202412544896852
co_swapped,20260912,10.0,5,1800.0,1.25,IDHmut_TP53mut,125,0,-197.57812612814183,2.924737944945171,69.05747256198381,20.268402804418525
co_swapped,20260912,10.0,5,1800.0,1.25,IDHmut_TP53wt,120,3,200.5161687463168,0.18858372684418184,68.12704345309818,20.268402804418525
co_swapped,20260912,10.0,6,2160.0,1.5,IDHmut_TP53mut,132,0,-196.78523874638444,4.706423235550513,70.37133128510419,20.003376134112724
co_swapped,20260912,10.0,6,2160.0,1.5,IDHmut_TP53wt,123,2,202.58504728859833,-1.995993571343024,69.97684562423152,20.003376134112724
co_swapped,20260912,10.0,7,2520.0,1.75,IDHmut_TP53mut,138,0,-196.77885087714475,6.579430637732053,72.19208182584312,19.76206179796208
co_swapped,20260912,10.0,7,2520.0,1.75,IDHmut_TP53wt,122,3,202.2516199061245,-1.506782955903942,70.70037657949048,19.76206179796208
co_swapped,20260912,10.0,8,2880.0,2.0,IDHmut_TP53mut,148,0,-196.93464258889267,6.448345212972223,73.9701074656554,18.859681693750026
co_swapped,20260912,10.0,8,2880.0,2.0,IDHmut_TP53wt,128,3,203.29301756818353,-1.2331900407185987,71.6322688731312,18.859681693750026
co_swapped,20260912,10.0,9,3240.0,2.25,IDHmut_TP53mut,150,0,-196.84513330794118,6.858716983045036,76.13883461557536,18.83553263787678
co_swapped,20260912,10.0,9,3240.0,2.25,IDHmut_TP53wt,131,4,205.08467931849142,-1.4125853796767764,72.65302721095924,18.83553263787678
co_swapped,20260912,10.0,10,3600.0,2.5,IDHmut_TP53mut,157,1,-197.17422670277458,6.680717907679215,77.3327557337241,18.877630511672123
co_swapped,20260912,10.0,10,3600.0,2.5,IDHmut_TP53wt,141,2,205.8348037589793,-3.124101862038051,74.1957486903549,18.877630511672123
co_swapped,20260912,10.0,11,3960.0,2.75,IDHmut_TP53mut,165,0,-197.46959986521793,6.3906208143931975,78.55337542723973,18.2590950206568
co_swapped,20260912,10.0,11,3960.0,2.75,IDHmut_TP53wt,141,3,205.6364729889631,-3.07130741837176,75.71674261267545,18.2590950206568
co_swapped,20260912,10.0,12,4320.0,3.0,IDHmut_TP53mut,173,0,-198.0003299966012,6.228070265072026,80.13010734769794,17.99482926587903
co_swapped,20260912,10.0,12,4320.0,3.0,IDHmut_TP53wt,145,7,204.23138018869813,-0.6606405311445684,76.8208282705822,17.99482926587903
co_swapped,20260912,10.0,13,4680.0,3.25,IDHmut_TP53mut,182,0,-198.2090081603497,5.298602717731983,82.03055983246756,17.393830779578366
co_swapped,20260912,10.0,13,4680.0,3.25,IDHmut_TP53wt,148,6,202.52982987160817,-0.7750212129238734,78.52502905744679,17.393830779578366
co_swapped,20260912,10.0,14,5040.0,3.5,IDHmut_TP53mut,189,0,-196.708755778465,3.266440049412208,84.23946991418764,17.080464653896033
co_swapped,20260912,10.0,14,5040.0,3.5,IDHmut_TP53wt,161,3,198.9434067619227,-1.2960719102314375,79.89861535875498,17.080464653896033
co_swapped,20260912,10.0,15,5400.0,3.75,IDHmut_TP53mut,199,1,-197.22462483054946,3.134827607376666,85.28002664628417,16.806550551432316
co_swapped,20260912,10.0,15,5400.0,3.75,IDHmut_TP53wt,164,6,199.59331207500438,-0.7031134411355233,81.35802896546592,16.806550551432316
co_swapped,20260912,10.0,16,5760.0,4.0,IDHmut_TP53mut,211,1,-198.89372006500795,4.230635134333643,87.35735815152758,16.585389511017702
co_swapped,20260912,10.0,16,5760.0,4.0,IDHmut_TP53wt,171,4,199.42147154709042,0.3594998198468341,81.98672614323536,16.585389511017702
co_swapped,20260912,10.0,17,6120.0,4.25,IDHmut_TP53mut,222,0,-196.8941836828775,4.519260900968753,90.20196087015718,16.13135699358406
co_swapped,20260912,10.0,17,6120.0,4.25,IDHmut_TP53wt,183,3,197.64593120303908,1.7650421812619028,83.26186333314477,16.13135699358406
co_swapped,20260912,10.0,18,6480.0,4.5,IDHmut_TP53mut,238,0,-195.22810332083898,4.052495530699192,92.87995693227764,15.651393671714073
co_swapped,20260912,10.0,18,6480.0,4.5,IDHmut_TP53wt,184,5,198.92257602583888,1.9429140224408061,85.00184509736566,15.651393671714073
co_swapped,20260912,10.0,19,6840.0,4.75,IDHmut_TP53mut,250,1,-194.44781378631592,2.74157129913916,95.01785407267234,15.139115940145912
co_swapped,20260912,10.0,19,6840.0,4.75,IDHmut_TP53wt,196,3,198.73626151134084,1.6379738432036195,86.48714405275561,15.139115940145912
co_swapped,20260912,10.0,20,7200.0,5.0,IDHmut_TP53mut,261,1,-195.1838214463083,3.8350189350461052,97.0634647926998,14.554646957881895
co_swapped,20260912,10.0,20,7200.0,5.0,IDHmut_TP53wt,199,8,200.50118402787191,1.1431577569795668,88.38491135124553,14.554646957881895
co_swapped,20260912,10.0,21,7560.0,5.25,IDHmut_TP53mut,278,1,-193.35328436906786,6.251512932784699,99.5191271629582,14.457413875554938
co_swapped,20260912,10.0,21,7560.0,5.25,IDHmut_TP53wt,195,12,200.13863425713788,0.0318844296608178,88.54352001013251,14.457413875554938
co_swapped,20260912,10.0,22,7920.0,5.5,IDHmut_TP53mut,285,2,-194.05699105246572,5.503102999285216,102.31207994961659,14.252102163467326
co_swapped,20260912,10.0,22,7920.0,5.5,IDHmut_TP53wt,204,7,198.94789357986468,-0.26894545492867133,89.3269768984054,14.252102163467326
co_swapped,20260913,10.0,0,0.0,0.0,IDHmut_TP53mut,100,0,-198.05416100000002,-0.5386430000000003,34.1769811791479,38.0
co_swapped,20260913,10.0,0,0.0,0.0,IDHmut_TP53wt,100,0,200.15982900000006,3.787829,33.92115969546321,38.0
co_swapped,20260913,10.0,1,360.0,0.25,IDHmut_TP53mut,103,2,-197.725512314574,0.31858430535773313,61.21556484023197,21.185981176626687
co_swapped,20260913,10.0,1,360.0,0.25,IDHmut_TP53wt,106,1,200.1572536143602,3.0284892678478137,61.29456226145051,21.185981176626687
co_swapped,20260913,10.0,2,720.0,0.5,IDHmut_TP53mut,111,1,-196.5891128121148,-0.09021421964605388,63.717237923567126,20.923535129731718
co_swapped,20260913,10.0,2,720.0,0.5,IDHmut_TP53wt,108,4,199.96047515308962,5.374715087432589,64.17896118815973,20.923535129731718
co_swapped,20260913,10.0,3,1080.0,0.75,IDHmut_TP53mut,117,0,-196.06213874345508,-0.38821114551364394,66.00954008609416,20.241130087363775
co_swapped,20260913,10.0,3,1080.0,0.75,IDHmut_TP53wt,111,5,200.88348564294395,4.256786795991774,65.08596316393643,20.241130087363775
co_swapped,20260913,10.0,4,1440.0,1.0,IDHmut_TP53mut,122,0,-196.5435185946687,-1.662076966414255,68.30336241008308,20.217756631864113
co_swapped,20260913,10.0,4,1440.0,1.0,IDHmut_TP53wt,120,2,201.2805859433577,5.961260891104839,66.73408239128551,20.217756631864113
co_swapped,20260913,10.0,5,1800.0,1.25,IDHmut_TP53mut,126,1,-196.00337216864224,-2.56014489395386,69.76725373452037,19.91417693568232
co_swapped,20260913,10.0,5,1800.0,1.25,IDHmut_TP53wt,126,3,203.08097396217963,5.795766186050406,69.14512157463203,19.91417693568232
co_swapped,20260913,10.0,6,2160.0,1.5,IDHmut_TP53mut,132,0,-195.6523077475339,-1.5783471224110521,71.16466270275126,19.476470379232317
co_swapped,20260913,10.0,6,2160.0,1.5,IDHmut_TP53wt,133,0,202.75016519637617,5.1038252493714324,70.71917515028316,19.476470379232317
co_swapped,20260913,10.0,7,2520.0,1.75,IDHmut_TP53mut,145,0,-197.81447134024296,-3.7201108987002693,73.8928357897594,19.281046473587843
co_swapped,20260913,10.0,7,2520.0,1.75,IDHmut_TP53wt,135,1,202.88327715470572,5.0458635762234465,72.270260153923,19.281046473587843
co_swapped,20260913,10.0,8,2880.0,2.0,IDHmut_TP53mut,152,0,-197.50311967426546,-4.926433582740546,75.62248640669468,18.732900556350252
co_swapped,20260913,10.0,8,2880.0,2.0,IDHmut_TP53wt,140,1,201.9661041544081,4.282213431678874,73.76911529128662,18.732900556350252
co_swapped,20260913,10.0,9,3240.0,2.25,IDHmut_TP53mut,162,0,-197.38515129952245,-5.276727456395772,77.65704846005576,18.406356344279803
co_swapped,20260913,10.0,9,3240.0,2.25,IDHmut_TP53wt,144,6,203.4298460466774,5.422202315033612,74.67585837806138,18.406356344279803
co_swapped,20260913,10.0,10,3600.0,2.5,IDHmut_TP53mut,171,2,-196.68700574301482,-4.115581938474969,80.20281238000359,17.908062329162323
co_swapped,20260913,10.0,10,3600.0,2.5,IDHmut_TP53wt,151,3,202.81598628708764,4.922426770344907,76.65324847875225,17.908062329162323
co_swapped,20260913,10.0,11,3960.0,2.75,IDHmut_TP53mut,180,1,-197.6499891151592,-4.248031366202967,81.62302296461438,17.546461368775052
co_swapped,20260913,10.0,11,3960.0,2.75,IDHmut_TP53wt,164,1,202.83520690010184,5.654954732109813,79.06344785632348,17.546461368775052
co_swapped,20260913,10.0,12,4320.0,3.0,IDHmut_TP53mut,191,0,-195.77381217587683,-4.277019186340459,84.16893137136418,17.084070033972782
co_swapped,20260913,10.0,12,4320.0,3.0,IDHmut_TP53wt,169,2,201.80486213625468,5.098316744403577,80.64142954492873,17.084070033972782
co_swapped,20260913,10.0,13,4680.0,3.25,IDHmut_TP53mut,201,0,-195.75790033241756,-3.600381773467478,86.0267695630706,17.10505981460196
co_swapped,20260913,10.0,13,4680.0,3.25,IDHmut_TP53wt,182,1,203.02610197275615,7.208829236117943,82.05684669735146,17.10505981460196
co_swapped,20260913,10.0,14,5040.0,3.5,IDHmut_TP53mut,218,0,-196.51652751928972,-3.610197069385694,88.38716614393718,16.298323728118266
co_swapped,20260913,10.0,14,5040.0,3.5,IDHmut_TP53wt,189,9,202.4593567384555,6.552578916430523,84.74761657244763,16.298323728118266
co_swapped,20260913,10.0,15,5400.0,3.75,IDHmut_TP53mut,234,0,-196.64653526120196,-5.308324051115489,91.52615330909022,15.683382416460287
co_swapped,20260913,10.0,15,5400.0,3.75,IDHmut_TP53wt,192,7,202.09182097054997,7.659536694490057,86.53598847698993,15.683382416460287
co_swapped,20260913,10.0,16,5760.0,4.0,IDHmut_TP53mut,247,0,-196.87550645055367,-6.683728142333998,94.50659713023256,15.5011226930585
co_swapped,20260913,10.0,16,5760.0,4.0,IDHmut_TP53wt,201,6,201.90510077683558,6.2620733857910444,88.04357824743367,15.5011226930585
co_swapped,20260913,10.0,17,6120.0,4.25,IDHmut_TP53mut,260,0,-196.53935961782065,-5.667678149326808,97.56325571962839,14.93416209934647
co_swapped,20260913,10.0,17,6120.0,4.25,IDHmut_TP53wt,206,6,202.46107847393156,5.215344592251057,89.05403114550397,14.93416209934647
co_swapped,20260913,10.0,18,6480.0,4.5,IDHmut_TP53mut,277,0,-197.00405892104703,-6.2464935084440425,100.2132543435173,14.498053899586663
co_swapped,20260913,10.0,18,6480.0,4.5,IDHmut_TP53wt,217,7,203.1355222908174,5.775531540243406,89.91777373303422,14.498053899586663
co_swapped,20260913,10.0,19,6840.0,4.75,IDHmut_TP53mut,292,1,-196.8768983797031,-7.464281968165512,102.8881512704353,14.130618687303606
co_swapped,20260913,10.0,19,6840.0,4.75,IDHmut_TP53wt,223,8,204.41834213646126,6.581255391480604,91.16283889960955,14.130618687303606
co_swapped,20260913,10.0,20,7200.0,5.0,IDHmut_TP53mut,307,1,-196.408378735581,-8.221562008495605,104.98558325839186,13.820245692760478
co_swapped,20260913,10.0,20,7200.0,5.0,IDHmut_TP53wt,228,4,205.2968169003513,5.586756394946266,93.30881653131426,13.820245692760478
co_swapped,20260913,10.0,21,7560.0,5.25,IDHmut_TP53mut,322,0,-196.483706164254,-9.22269248428475,108.22328363137959,13.425500989843114
co_swapped,20260913,10.0,21,7560.0,5.25,IDHmut_TP53wt,235,8,203.33552954259173,5.4628339642469275,94.96359910049802,13.425500989843114
co_swapped,20260913,10.0,22,7920.0,5.5,IDHmut_TP53mut,342,0,-197.92201503757568,-7.461089548958684,110.67043125956158,13.025912040646443
co_swapped,20260913,10.0,22,7920.0,5.5,IDHmut_TP53wt,238,11,201.72189496606507,3.912353976277702,96.08138884107272,13.025912040646443
co_swapped,20260914,10.0,0,0.0,0.0,IDHmut_TP53mut,100,0,-201.70508,-1.41421,34.64555327301182,38.0
co_swapped,20260914,10.0,0,0.0,0.0,IDHmut_TP53wt,100,0,202.62440100000003,1.4556730000000004,35.515855391572224,38.0
co_swapped,20260914,10.0,1,360.0,0.25,IDHmut_TP53mut,105,0,-201.80257554051846,-0.4207733835108809,61.02402413819574,21.031606841381755
co_swapped,20260914,10.0,1,360.0,0.25,IDHmut_TP53wt,106,0,203.23873694496692,0.312148082005736,61.75754264068235,21.031606841381755
co_swapped,20260914,10.0,2,720.0,0.5,IDHmut_TP53mut,109,0,-201.702666405889,-1.5749789643036314,63.29873879020668,20.82261113066702
co_swapped,20260914,10.0,2,720.0,0.5,IDHmut_TP53wt,108,2,201.30564245084065,2.229364721655433,64.21903448080674,20.82261113066702
co_swapped,20260914,10.0,3,1080.0,0.75,IDHmut_TP53mut,116,0,-201.12764771532326,-2.41685078997524,65.7746559211489,20.475577052284795
co_swapped,20260914,10.0,3,1080.0,0.75,IDHmut_TP53wt,110,2,201.52418433611638,0.8813199194574702,64.32661343440905,20.475577052284795
co_swapped,20260914,10.0,4,1440.0,1.0,IDHmut_TP53mut,122,1,-199.17113380128728,-3.9254812352416684,67.2208626514993,20.08399968114465
co_swapped,20260914,10.0,4,1440.0,1.0,IDHmut_TP53wt,114,1,201.52151685532132,1.521178735254549,65.74687109694138,20.08399968114465
co_swapped,20260914,10.0,5,1800.0,1.25,IDHmut_TP53mut,129,1,-198.79289612265322,-3.654006761887601,69.13801762679566,19.849638536780063
co_swapped,20260914,10.0,5,1800.0,1.25,IDHmut_TP53wt,120,0,201.2194691334113,-0.4908025658270934,67.05258163780644,19.849638536780063
co_swapped,20260914,10.0,6,2160.0,1.5,IDHmut_TP53mut,138,0,-198.88427139069572,-3.5015683682305574,70.45774220051648,19.405685176706623
co_swapped,20260914,10.0,6,2160.0,1.5,IDHmut_TP53wt,121,3,201.97115083049405,-2.5586075693395545,68.16997854040467,19.405685176706623
co_swapped,20260914,10.0,7,2520.0,1.75,IDHmut_TP53mut,144,0,-199.95574781202438,-4.52353568834849,72.68709852193024,19.010447146092222
co_swapped,20260914,10.0,7,2520.0,1.75,IDHmut_TP53wt,129,0,203.3299632123814,-1.6417472090504044,70.19145639406928,19.010447146092222
co_swapped,20260914,10.0,8,2880.0,2.0,IDHmut_TP53mut,154,0,-200.29954033471662,-4.100970933239661,75.25206977543436,18.675595418452605
co_swapped,20260914,10.0,8,2880.0,2.0,IDHmut_TP53wt,130,5,204.248613832553,-1.0619851386213397,71.8871660951672,18.675595418452605
co_swapped,20260914,10.0,9,3240.0,2.25,IDHmut_TP53mut,158,0,-201.09771313934266,-3.447944557635528,77.10498335680717,18.32436154168232
co_swapped,20260914,10.0,9,3240.0,2.25,IDHmut_TP53wt,134,3,204.61563620866954,-2.136408628062449,72.791051612724,18.32436154168232
co_swapped,20260914,10.0,10,3600.0,2.5,IDHmut_TP53mut,173,0,-199.6589616857792,-2.836529579433189,79.47186373117202,18.03083812358749
co_swapped,20260914,10.0,10,3600.0,2.5,IDHmut_TP53wt,143,2,204.14843458866042,-3.2123909183921855,74.21999749124805,18.03083812358749
co_swapped,20260914,10.0,11,3960.0,2.75,IDHmut_TP53mut,183,0,-199.74538034735303,-5.014622130008828,82.55223000280779,17.500891116405082
co_swapped,20260914,10.0,11,3960.0,2.75,IDHmut_TP53wt,155,2,201.6122468680107,-3.7116431295922565,76.75395468720988,17.500891116405082
co_swapped,20260914,10.0,12,4320.0,3.0,IDHmut_TP53mut,194,1,-201.44741349397125,-3.169938981015839,84.54269081250328,17.261736915086995
co_swapped,20260914,10.0,12,4320.0,3.0,IDHmut_TP53wt,164,1,202.369428211374,-1.2107171479661458,78.6745948843297,17.261736915086995
co_swapped,20260914,10.0,13,4680.0,3.25,IDHmut_TP53mut,210,1,-200.40213908457193,-3.1102251286137093,87.13076700070191,16.790365898258845
co_swapped,20260914,10.0,13,4680.0,3.25,IDHmut_TP53wt,162,6,202.01914921457424,-1.5183486534955437,80.01664085955143,16.790365898258845
co_swapped,20260914,10.0,14,5040.0,3.5,IDHmut_TP53mut,226,0,-198.21361603525492,-5.4928475133686465,90.20014376804419,16.293803179747634
co_swapped,20260914,10.0,14,5040.0,3.5,IDHmut_TP53wt,168,4,202.09245713722356,-0.05139342253602528,82.1865433912789,16.293803179747634
co_swapped,20260914,10.0,15,5400.0,3.75,IDHmut_TP53mut,237,1,-198.68392479462145,-6.889508177163506,93.36783814427419,15.945318136039
co_swapped,20260914,10.0,15,5400.0,3.75,IDHmut_TP53wt,175,7,199.31235913627452,1.7970699814088191,83.3863610792386,15.945318136039
co_swapped,20260914,10.0,16,5760.0,4.0,IDHmut_TP53mut,257,0,-200.87856995217896,-6.909980425910583,95.65248771518255,15.336956089592345
co_swapped,20260914,10.0,16,5760.0,4.0,IDHmut_TP53wt,181,6,200.21352754525168,2.1145540167420815,84.45425915535547,15.336956089592345
co_swapped,20260914,10.0,17,6120.0,4.25,IDHmut_TP53mut,274,1,-200.80724427526107,-6.770437337848249,98.61656581909641,14.89436136478286
co_swapped,20260914,10.0,17,6120.0,4.25,IDHmut_TP53wt,189,5,199.3491859202412,3.0369766062054615,84.90523084177397,14.89436136478286
co_swapped,20260914,10.0,18,6480.0,4.5,IDHmut_TP53mut,286,3,-200.9784377800111,-5.976597682575702,101.308900651175,14.56945226551165
co_swapped,20260914,10.0,18,6480.0,4.5,IDHmut_TP53wt,189,12,198.58982813453756,1.4815220615482891,86.55136649222996,14.56945226551165
co_swapped,20260914,10.0,19,6840.0,4.75,IDHmut_TP53mut,303,2,-200.5173901083473,-5.203156880354412,104.00500627154753,14.068795482840889
co_swapped,20260914,10.0,19,6840.0,4.75,IDHmut_TP53wt,198,7,198.77563445022204,1.1407145709367226,87.90116203503045,14.068795482840889
co_swapped,20260914,10.0,20,7200.0,5.0,IDHmut_TP53mut,316,2,-200.59785293215887,-3.834087710504822,106.4120852207297,13.705176025667976
co_swapped,20260914,10.0,20,7200.0,5.0,IDHmut_TP53wt,201,5,199.4311704126442,0.6998553186997583,88.52397456247813,13.705176025667976
co_swapped,20260914,10.0,21,7560.0,5.25,IDHmut_TP53mut,329,1,-200.74123018063494,-4.0346997376159806,108.58997822019252,13.662958219651953
co_swapped,20260914,10.0,21,7560.0,5.25,IDHmut_TP53wt,209,7,198.57614198082558,-1.7010375124308474,90.89288877647462,13.662958219651953
co_swapped,20260914,10.0,22,7920.0,5.5,IDHmut_TP53mut,347,1,-200.17250240819388,-4.414518905593455,110.63554997422034,13.169264985704988
co_swapped,20260914,10.0,22,7920.0,5.5,IDHmut_TP53wt,210,9,197.0603380417258,-4.309465023079871,92.28103867244957,13.169264985704988
co_swapped,20260915,10.0,0,0.0,0.0,IDHmut_TP53mut,100,0,-201.561616,1.393884,35.16574942903233,38.0
co_swapped,20260915,10.0,0,0.0,0.0,IDHmut_TP53wt,100,0,197.46696099999994,0.335052,35.14672235119621,38.0
co_swapped,20260915,10.0,1,360.0,0.25,IDHmut_TP53mut,110,0,-202.75909710023365,3.173955401103658,62.54341545551133,21.03045360264028
co_swapped,20260915,10.0,1,360.0,0.25,IDHmut_TP53wt,101,2,198.05460924212713,1.4560641482108356,61.09409396362948,21.03045360264028
co_swapped,20260915,10.0,2,720.0,0.5,IDHmut_TP53mut,116,0,-202.93788406504027,2.572159792062555,64.9719192917655,20.566069779023067
co_swapped,20260915,10.0,2,720.0,0.5,IDHmut_TP53wt,101,3,198.0235156717011,2.476866938560517,62.57500010712543,20.566069779023067
co_swapped,20260915,10.0,3,1080.0,0.75,IDHmut_TP53mut,124,0,-201.24253461548864,2.5685384154449395,67.8300295852211,20.31344716196643
co_swapped,20260915,10.0,3,1080.0,0.75,IDHmut_TP53wt,106,3,198.25899805516977,-1.8970799112334717,64.39297622671445,20.31344716196643
co_swapped,20260915,10.0,4,1440.0,1.0,IDHmut_TP53mut,132,0,-201.03854722653318,3.6228017354868642,69.28282691346354,20.05740490939325
co_swapped,20260915,10.0,4,1440.0,1.0,IDHmut_TP53wt,111,4,195.85090612088754,-2.579303565407505,65.42769492558536,20.05740490939325
co_swapped,20260915,10.0,5,1800.0,1.25,IDHmut_TP53mut,139,1,-203.39488997736763,3.7668157808020175,71.8244842775228,19.84013278479725
co_swapped,20260915,10.0,5,1800.0,1.25,IDHmut_TP53wt,117,1,195.89518986338314,-1.5693313606822707,66.43165164739817,19.84013278479725
co_swapped,20260915,10.0,6,2160.0,1.5,IDHmut_TP53mut,150,0,-202.66692303719165,2.763718598237136,73.88159667095904,19.239758520958762
co_swapped,20260915,10.0,6,2160.0,1.5,IDHmut_TP53wt,124,2,198.13953181450717,-1.5752195775773115,68.78755398119678,19.239758520958762
co_swapped,20260915,10.0,7,2520.0,1.75,IDHmut_TP53mut,158,0,-204.53770119787072,3.4799607925050826,75.83465702798566,18.543701884394807
co_swapped,20260915,10.0,7,2520.0,1.75,IDHmut_TP53wt,124,8,194.23282309956616,1.4834464446654272,69.851347280627,18.543701884394807
co_swapped,20260915,10.0,8,2880.0,2.0,IDHmut_TP53mut,171,0,-205.2845306441871,1.720294465497473,79.23622210988103,18.641460561164333
co_swapped,20260915,10.0,8,2880.0,2.0,IDHmut_TP53wt,130,4,196.55360797106587,0.10882175180790997,72.16556271218496,18.641460561164333
co_swapped,20260915,10.0,9,3240.0,2.25,IDHmut_TP53mut,179,0,-205.3167944935793,1.014770113563879,81.56750470909623,18.37531548964995
co_swapped,20260915,10.0,9,3240.0,2.25,IDHmut_TP53wt,130,4,197.57292868424568,1.8572897980678174,73.8432594373178,18.37531548964995
co_swapped,20260915,10.0,10,3600.0,2.5,IDHmut_TP53mut,190,2,-204.32495468550417,1.2602022028302864,84.08944497063749,17.455077411649757
co_swapped,20260915,10.0,10,3600.0,2.5,IDHmut_TP53wt,132,4,198.73476117732443,1.7584618643912535,74.42025858588109,17.455077411649757
co_swapped,20260915,10.0,11,3960.0,2.75,IDHmut_TP53mut,205,2,-205.0911652640274,1.81051553479566,85.92709393577485,17.021801731092214
co_swapped,20260915,10.0,11,3960.0,2.75,IDHmut_TP53wt,137,7,199.081661113995,-0.8568352521420834,75.14964270388862,17.021801731092214
co_swapped,20260915,10.0,12,4320.0,3.0,IDHmut_TP53mut,216,1,-204.48186430238349,1.5388308516006515,88.31776962982553,16.53724808292952
co_swapped,20260915,10.0,12,4320.0,3.0,IDHmut_TP53wt,139,5,199.79705005032773,-0.27606091503286945,76.89425454809209,16.53724808292952
co_swapped,20260915,10.0,13,4680.0,3.25,IDHmut_TP53mut,226,1,-204.323563887028,2.2678086352667393,90.35845729372244,16.20438850962643
co_swapped,20260915,10.0,13,4680.0,3.25,IDHmut_TP53wt,144,5,199.54608590497008,-1.4138708337108175,77.09878032636028,16.20438850962643
co_swapped,20260915,10.0,14,5040.0,3.5,IDHmut_TP53mut,233,0,-202.92506045047844,2.617916729026377,92.77675147433031,15.890043727058886
co_swapped,20260915,10.0,14,5040.0,3.5,IDHmut_TP53wt,150,3,197.79782673315285,-1.0262039137338008,78.35565038566548,15.890043727058886
co_swapped,20260915,10.0,15,5400.0,3.75,IDHmut_TP53mut,242,0,-202.74882873139626,2.6298624530231924,94.34860145254653,15.968913685253277
co_swapped,20260915,10.0,15,5400.0,3.75,IDHmut_TP53wt,148,6,197.58463087909107,0.05220286760983046,79.85585536832426,15.968913685253277
co_swapped,20260915,10.0,16,5760.0,4.0,IDHmut_TP53mut,251,0,-202.4979163906038,2.2047010060990924,96.10881849139473,15.421463668281255
co_swapped,20260915,10.0,16,5760.0,4.0,IDHmut_TP53wt,151,7,196.46818281447352,0.33776354085522436,80.00339345226108,15.421463668281255
co_swapped,20260915,10.0,17,6120.0,4.25,IDHmut_TP53mut,262,3,-203.8480478384953,1.8710279452362237,97.35315606224874,15.461881437798882
co_swapped,20260915,10.0,17,6120.0,4.25,IDHmut_TP53wt,157,6,195.88808573748918,0.7676889175137634,80.56377084774522,15.461881437798882
co_swapped,20260915,10.0,18,6480.0,4.5,IDHmut_TP53mut,276,0,-205.71982451404563,0.7356398521760548,99.92521615962315,14.914214433653218
co_swapped,20260915,10.0,18,6480.0,4.5,IDHmut_TP53wt,164,2,195.7270875871251,0.9024317816889786,80.78234424632788,14.914214433653218
co_swapped,20260915,10.0,19,6840.0,4.75,IDHmut_TP53mut,293,0,-206.0163026261972,-1.2005035169890113,102.25710485668176,14.509191420440091
co_swapped,20260915,10.0,19,6840.0,4.75,IDHmut_TP53wt,166,7,198.7499059731252,0.6611013093145939,81.63334279535958,14.509191420440091
co_swapped,20260915,10.0,20,7200.0,5.0,IDHmut_TP53mut,304,0,-205.26592708226343,-0.5510938377234884,104.68374249706442,14.201419734435017
co_swapped,20260915,10.0,20,7200.0,5.0,IDHmut_TP53wt,168,9,199.96120463379677,1.2109635489188577,82.7802099209089,14.201419734435017
co_swapped,20260915,10.0,21,7560.0,5.25,IDHmut_TP53mut,330,0,-206.6480752376548,-0.9941937283921437,107.37304276132784,13.83170651014852
co_swapped,20260915,10.0,21,7560.0,5.25,IDHmut_TP53wt,171,5,199.42530013900807,3.3628227722321085,83.35108080191574,13.83170651014852
co_swapped,20260915,10.0,22,7920.0,5.5,IDHmut_TP53mut,346,0,-206.78704172546716,-1.0842702820272456,110.33205536351244,13.574961746713438
co_swapped,20260915,10.0,22,7920.0,5.5,IDHmut_TP53wt,172,5,199.52080896006146,1.6048197310781855,84.02242512772467,13.574961746713438
co_swapped,20260916,10.0,0,0.0,0.0,IDHmut_TP53mut,100,0,-201.01628,-2.0574890000000003,35.72452967036766,38.0
co_swapped,20260916,10.0,0,0.0,0.0,IDHmut_TP53wt,100,0,201.609215,-2.566148,34.79401975909037,38.0
co_swapped,20260916,10.0,1,360.0,0.25,IDHmut_TP53mut,107,0,-201.45528601225053,-2.168295853148679,61.534729781870155,20.878437749808732
co_swapped,20260916,10.0,1,360.0,0.25,IDHmut_TP53wt,103,3,200.97560459740203,-4.6449044301659494,60.72617035097837,20.878437749808732
co_swapped,20260916,10.0,2,720.0,0.5,IDHmut_TP53mut,109,0,-201.55355747711093,-2.715070978767011,63.02604292831815,20.691432132437548
co_swapped,20260916,10.0,2,720.0,0.5,IDHmut_TP53wt,107,4,200.30337209767774,-6.290307791660391,63.20883859330423,20.691432132437548
co_swapped,20260916,10.0,3,1080.0,0.75,IDHmut_TP53mut,117,0,-203.26711306399076,-2.2433996054276597,65.27528067335668,20.336549418934844
co_swapped,20260916,10.0,3,1080.0,0.75,IDHmut_TP53wt,116,0,200.65591012150531,-6.188889630389443,64.86385461200578,20.336549418934844
co_swapped,20260916,10.0,4,1440.0,1.0,IDHmut_TP53mut,124,0,-206.07053798184631,-2.6509432473964236,67.50026577022402,20.011767036447996
co_swapped,20260916,10.0,4,1440.0,1.0,IDHmut_TP53wt,115,4,200.73003043566158,-3.968682512506939,67.06445733314037,20.011767036447996
co_swapped,20260916,10.0,5,1800.0,1.25,IDHmut_TP53mut,126,0,-206.23273526496422,-2.990496364634889,68.98432422308404,19.824411617151398
co_swapped,20260916,10.0,5,1800.0,1.25,IDHmut_TP53wt,118,3,200.1261657858819,-3.198483813673695,67.8568265081093,19.824411617151398
co_swapped,20260916,10.0,6,2160.0,1.5,IDHmut_TP53mut,133,0,-205.15273855258906,-2.633196052260654,70.59857269246535,19.654458039522012
co_swapped,20260916,10.0,6,2160.0,1.5,IDHmut_TP53wt,122,3,201.64864543749724,-4.346165091437769,68.58832295992697,19.654458039522012
co_swapped,20260916,10.0,7,2520.0,1.75,IDHmut_TP53mut,138,0,-205.89835385584337,-3.1277220962893093,72.56063894810501,19.359835616449082
co_swapped,20260916,10.0,7,2520.0,1.75,IDHmut_TP53wt,123,4,201.69843588293412,-5.565120934744469,69.69218216578021,19.359835616449082
co_swapped,20260916,10.0,8,2880.0,2.0,IDHmut_TP53mut,150,0,-204.79422400474434,-4.555403168190245,74.16659931792624,18.979310366625626
co_swapped,20260916,10.0,8,2880.0,2.0,IDHmut_TP53wt,127,3,201.45149977088897,-5.62827827963942,70.76489207605415,18.979310366625626
co_swapped,20260916,10.0,9,3240.0,2.25,IDHmut_TP53mut,151,2,-204.46966178298615,-4.98287452214382,76.36041432522062,18.70997937345808
co_swapped,20260916,10.0,9,3240.0,2.25,IDHmut_TP53wt,133,2,201.585772730457,-4.597736734001079,71.68580527595857,18.70997937345808
co_swapped,20260916,10.0,10,3600.0,2.5,IDHmut_TP53mut,158,2,-203.74493066652624,-5.430984195272274,77.25301040312235,18.42988167468486
co_swapped,20260916,10.0,10,3600.0,2.5,IDHmut_TP53wt,142,1,202.53712892299714,-4.438661620506151,73.17526456839948,18.42988167468486
co_swapped,20260916,10.0,11,3960.0,2.75,IDHmut_TP53mut,172,0,-202.87960018470739,-4.899476535481627,78.48715566866032,18.085427376009747
co_swapped,20260916,10.0,11,3960.0,2.75,IDHmut_TP53wt,145,3,204.2395112553953,-4.678427601632495,75.57990858005451,18.085427376009747
co_swapped,20260916,10.0,12,4320.0,3.0,IDHmut_TP53mut,183,1,-203.1202901292922,-5.931024593992107,80.78516713919936,17.92110198098389
co_swapped,20260916,10.0,12,4320.0,3.0,IDHmut_TP53wt,150,3,202.63879010091284,-5.503691592145612,76.99120176208635,17.92110198098389
co_swapped,20260916,10.0,13,4680.0,3.25,IDHmut_TP53mut,195,0,-203.1904932719674,-8.56670842194922,84.48619179694127,17.136640993487813
co_swapped,20260916,10.0,13,4680.0,3.25,IDHmut_TP53wt,161,5,203.30682788824487,-5.861721809497293,78.73295622704995,17.136640993487813
co_swapped,20260916,10.0,14,5040.0,3.5,IDHmut_TP53mut,210,1,-203.42083209459295,-8.501832086488696,87.36583457753802,16.72306853265662
co_swapped,20260916,10.0,14,5040.0,3.5,IDHmut_TP53wt,162,8,201.64550687466496,-5.62902005702299,79.92774361462092,16.72306853265662
co_swapped,20260916,10.0,15,5400.0,3.75,IDHmut_TP53mut,226,0,-202.32163859363988,-10.432208699276883,90.30916514418152,16.633126973065448
co_swapped,20260916,10.0,15,5400.0,3.75,IDHmut_TP53wt,176,4,203.52707072123914,-7.041817639740572,81.41652765388788,16.633126973065448
co_swapped,20260916,10.0,16,5760.0,4.0,IDHmut_TP53mut,240,2,-202.87517354727714,-11.993788852491123,92.52145325070649,15.986671719263974
co_swapped,20260916,10.0,16,5760.0,4.0,IDHmut_TP53wt,180,3,203.6468906840044,-4.336629621918974,84.29844774163986,15.986671719263974
co_swapped,20260916,10.0,17,6120.0,4.25,IDHmut_TP53mut,262,2,-201.34836130841344,-11.454855360268404,95.74123389420589,15.220118255431034
co_swapped,20260916,10.0,17,6120.0,4.25,IDHmut_TP53wt,185,4,203.69116962056503,-3.399911420749311,84.9818395332595,15.220118255431034
co_swapped,20260916,10.0,18,6480.0,4.5,IDHmut_TP53mut,277,1,-203.57150861398756,-12.105377718271795,98.82630336106185,14.747289895483824
co_swapped,20260916,10.0,18,6480.0,4.5,IDHmut_TP53wt,194,2,202.74741387837526,-3.465706333706627,86.79845689652231,14.747289895483824
co_swapped,20260916,10.0,19,6840.0,4.75,IDHmut_TP53mut,294,2,-203.75936021224925,-12.061517942465123,100.9890159077283,14.410066204886864
co_swapped,20260916,10.0,19,6840.0,4.75,IDHmut_TP53wt,210,5,202.6841410939992,-2.8140238639883988,88.53002595934501,14.410066204886864
co_swapped,20260916,10.0,20,7200.0,5.0,IDHmut_TP53mut,309,2,-204.0149374114086,-12.211530909115803,104.50386948365215,13.906078696465901
co_swapped,20260916,10.0,20,7200.0,5.0,IDHmut_TP53wt,226,3,201.30813489891034,-0.8085449702192196,90.4221504054568,13.906078696465901
co_swapped,20260916,10.0,21,7560.0,5.25,IDHmut_TP53mut,327,2,-205.4116226081765,-13.71126978206606,107.77009144997629,13.469960625442866
co_swapped,20260916,10.0,21,7560.0,5.25,IDHmut_TP53wt,231,9,198.77537205260913,-0.10535168375955206,92.35262771550646,13.469960625442866
co_swapped,20260916,10.0,22,7920.0,5.5,IDHmut_TP53mut,350,1,-204.71022139723354,-13.026113865888362,110.74342953706389,13.154138878607878
co_swapped,20260916,10.0,22,7920.0,5.5,IDHmut_TP53wt,237,6,199.0693121981105,-1.1280429523767217,94.28458392122884,13.154138878607878
label_control,20260907,10.0,0,0.0,0.0,label_A,100,0,-197.942296,-4.816306,32.79986457934161,38.0
label_control,20260907,10.0,0,0.0,0.0,label_B,100,0,203.36219499999999,0.39543299999999976,35.83148571563404,38.0
label_control,20260907,10.0,1,360.0,0.25,label_A,104,0,-197.3528078504878,-3.781405779042781,61.305517537527244,20.614610060888474
label_control,20260907,10.0,1,360.0,0.25,label_B,105,3,203.01163457581418,-1.531663342767,61.50318537511498,20.614610060888474
label_control,20260907,10.0,2,720.0,0.5,label_A,110,2,-198.99011858492332,-3.1835196162569805,63.33534351873537,20.766782211851258
label_control,20260907,10.0,2,720.0,0.5,label_B,109,3,202.58243943497445,-2.833426880152565,63.42569807396948,20.766782211851258
label_control,20260907,10.0,3,1080.0,0.75,label_A,116,5,-196.44123447985982,-3.3328327926739294,66.1734061628879,20.54383906589895
label_control,20260907,10.0,3,1080.0,0.75,label_B,116,3,202.53365912421538,-4.444533677535555,65.1935589093354,20.54383906589895
label_control,20260907,10.0,4,1440.0,1.0,label_A,116,5,-196.46778977670076,-1.5376937743347452,67.15809048655716,20.371322071498884
label_control,20260907,10.0,4,1440.0,1.0,label_B,125,4,203.4320121854685,-3.5950788356178918,68.66696808887373,20.371322071498884
label_control,20260907,10.0,5,1800.0,1.25,label_A,125,2,-197.41835470337492,-1.801892916482506,68.84254208465316,19.922496263039296
label_control,20260907,10.0,5,1800.0,1.25,label_B,125,2,202.50456336507682,-4.655912017050182,70.59555279732776,19.922496263039296
label_control,20260907,10.0,6,2160.0,1.5,label_A,127,0,-196.5454278803166,-2.0402859022427164,70.73194695300964,19.863589260045188
label_control,20260907,10.0,6,2160.0,1.5,label_B,125,1,202.4637283479028,-4.7733248592630195,71.1153671067594,19.863589260045188
label_control,20260907,10.0,7,2520.0,1.75,label_A,127,4,-195.82878388842738,-1.9878275166655126,71.66654847215281,19.778713006509975
label_control,20260907,10.0,7,2520.0,1.75,label_B,134,0,203.05857916159036,-3.250475586353373,72.57913783470653,19.778713006509975
label_control,20260907,10.0,8,2880.0,2.0,label_A,128,8,-194.93608550868032,-2.4264444748834397,72.7838124121011,19.113441074227726
label_control,20260907,10.0,8,2880.0,2.0,label_B,135,5,202.5460350234484,-0.802318468298171,73.98035876393473,19.113441074227726
label_control,20260907,10.0,9,3240.0,2.25,label_A,127,6,-195.52870827695526,-4.050549946275119,72.6732420134668,19.69726144253214
label_control,20260907,10.0,9,3240.0,2.25,label_B,139,7,202.46394511893365,0.6504342471557832,75.16526589867169,19.69726144253214
label_control,20260907,10.0,10,3600.0,2.5,label_A,129,4,-193.75724578736708,-2.9089138601746765,72.75752405923096,19.184317832590665
label_control,20260907,10.0,10,3600.0,2.5,label_B,146,5,202.63861925664332,-0.8704368111979544,76.37198230225349,19.184317832590665
label_control,20260907,10.0,11,3960.0,2.75,label_A,135,0,-193.3909238352599,-1.4419712308167458,73.81077783706824,19.185721611636353
label_control,20260907,10.0,11,3960.0,2.75,label_B,150,7,204.09806446790287,0.5986795355510033,78.31790309596211,19.185721611636353
label_control,20260907,10.0,12,4320.0,3.0,label_A,139,3,-195.31381631794966,-2.525097745777037,74.33549582999444,19.162671047965055
label_control,20260907,10.0,12,4320.0,3.0,label_B,152,8,204.43681332815004,-0.47287674360284104,79.95959017212544,19.162671047965055
label_control,20260907,10.0,13,4680.0,3.25,label_A,147,6,-194.99294013808623,-0.3858104684147121,76.17359792870319,18.749592962131317
label_control,20260907,10.0,13,4680.0,3.25,label_B,154,6,206.06236216337146,-3.980142506393668,81.00711037860286,18.749592962131317
label_control,20260907,10.0,14,5040.0,3.5,label_A,149,5,-195.9026365392218,-0.8417390559167844,77.69525257181478,18.511486952625173
label_control,20260907,10.0,14,5040.0,3.5,label_B,164,7,204.98281883501397,-3.7876040489625913,82.02640250702335,18.511486952625173
label_control,20260907,10.0,15,5400.0,3.75,label_A,149,3,-196.4904514904138,-0.4005993252925792,78.51748026316605,18.118921811753268
label_control,20260907,10.0,15,5400.0,3.75,label_B,172,3,207.64376769693212,-3.8891211487020234,83.15327867464927,18.118921811753268
label_control,20260907,10.0,16,5760.0,4.0,label_A,157,7,-195.14149686685923,1.25810681990437,79.67152758901334,17.98955112918364
label_control,20260907,10.0,16,5760.0,4.0,label_B,176,5,206.91622385128738,-2.391823401656824,84.46141433406183,17.98955112918364
label_control,20260907,10.0,17,6120.0,4.25,label_A,161,4,-195.90415011702783,2.7175151592905302,80.54152496134768,17.938601821750556
label_control,20260907,10.0,17,6120.0,4.25,label_B,184,4,205.6977705912578,-2.2104310697092515,85.1575217191674,17.938601821750556
label_control,20260907,10.0,18,6480.0,4.5,label_A,163,4,-196.7446048339119,3.7374317798482912,81.45057825001231,17.20655391806943
label_control,20260907,10.0,18,6480.0,4.5,label_B,195,2,207.39032578722592,-3.84621101625274,87.09327266769895,17.20655391806943
label_control,20260907,10.0,19,6840.0,4.75,label_A,163,8,-196.50688917014864,5.084318923479726,82.36290393933182,17.11418293714788
label_control,20260907,10.0,19,6840.0,4.75,label_B,199,7,205.27591333884385,-4.3056419210434145,89.22797823156853,17.11418293714788
label_control,20260907,10.0,20,7200.0,5.0,label_A,169,6,-194.2992632485787,2.6332315129366473,82.36014673875496,16.76020654437223
label_control,20260907,10.0,20,7200.0,5.0,label_B,207,4,206.23601738165135,-5.347902683250758,89.91203523078745,16.76020654437223
label_control,20260907,10.0,21,7560.0,5.25,label_A,179,7,-196.410420236307,2.6399445387358327,83.99786479847602,16.63485121107314
label_control,20260907,10.0,21,7560.0,5.25,label_B,209,7,209.8139400178379,-7.297775708438349,90.91012983210484,16.63485121107314
label_control,20260907,10.0,22,7920.0,5.5,label_A,186,6,-194.01454720461965,1.2696037132087994,86.01313122404545,16.40985590200555
label_control,20260907,10.0,22,7920.0,5.5,label_B,216,2,211.60751761798772,-7.838069932203181,92.66279314697951,16.40985590200555
label_control,20260908,10.0,0,0.0,0.0,label_A,100,0,-199.02425900000003,6.09182,33.39497368685921,38.0
label_control,20260908,10.0,0,0.0,0.0,label_B,100,0,201.32205899999997,-2.2695200000000004,34.13213412967931,38.0
label_control,20260908,10.0,1,360.0,0.25,label_A,101,1,-198.6415313782841,5.846994136667882,60.653041491823465,21.039775177784676
label_control,20260908,10.0,1,360.0,0.25,label_B,102,3,200.86519317847421,-1.787186134572703,61.36291924044074,21.039775177784676
label_control,20260908,10.0,2,720.0,0.5,label_A,103,3,-198.53096341620986,3.3716693870611927,62.44710257385993,21.399386484778116
label_control,20260908,10.0,2,720.0,0.5,label_B,104,4,199.7884184973918,0.916699736583311,62.31160803066433,21.399386484778116
label_control,20260908,10.0,3,1080.0,0.75,label_A,103,5,-200.60986248061803,2.7048277005664905,64.30365363663884,21.306904228537473
label_control,20260908,10.0,3,1080.0,0.75,label_B,106,6,200.03240191853948,-2.03588348918834,64.41834712522196,21.306904228537473
label_control,20260908,10.0,4,1440.0,1.0,label_A,108,4,-201.8504203423883,3.4653839776847186,65.96478338357373,21.159253051788887
label_control,20260908,10.0,4,1440.0,1.0,label_B,109,3,200.61771024955408,-1.2226223785293115,65.27237748462682,21.159253051788887
label_control,20260908,10.0,5,1800.0,1.25,label_A,114,2,-202.1150350423316,3.186871809895916,69.17952159805537,20.836849219343083
label_control,20260908,10.0,5,1800.0,1.25,label_B,116,3,201.7025459511787,-2.0489951432014744,66.06517266450703,20.836849219343083
label_control,20260908,10.0,6,2160.0,1.5,label_A,121,1,-201.73621962598034,3.575771896924915,70.35874697741134,20.598483024767965
label_control,20260908,10.0,6,2160.0,1.5,label_B,119,2,202.44077219156142,-4.1765246588735865,67.55722657813534,20.598483024767965
label_control,20260908,10.0,7,2520.0,1.75,label_A,123,1,-201.93117883944402,3.8909565077945256,71.26299051946658,20.063326611195304
label_control,20260908,10.0,7,2520.0,1.75,label_B,125,0,200.02360997709923,-4.373515945603821,69.24608433193524,20.063326611195304
label_control,20260908,10.0,8,2880.0,2.0,label_A,129,2,-201.09551522259764,5.988892507779297,73.25912379515825,19.93264890005653
label_control,20260908,10.0,8,2880.0,2.0,label_B,127,3,201.05578941293123,-5.005533236683636,69.93543477455675,19.93264890005653
label_control,20260908,10.0,9,3240.0,2.25,label_A,133,3,-201.0218594028181,6.053094593403527,74.19276987517169,19.815439140529612
label_control,20260908,10.0,9,3240.0,2.25,label_B,128,2,200.7177778968263,-4.844089762987123,70.8554637031069,19.815439140529612
label_control,20260908,10.0,10,3600.0,2.5,label_A,136,8,-200.34105120659868,7.4881360564743265,74.81560079035373,19.810936405959986
label_control,20260908,10.0,10,3600.0,2.5,label_B,130,2,201.01745902191814,-4.071081022532354,71.63856842968276,19.810936405959986
label_control,20260908,10.0,11,3960.0,2.75,label_A,139,8,-199.87234410056098,7.93920260197673,75.24667114892506,19.19481869953555
label_control,20260908,10.0,11,3960.0,2.75,label_B,136,1,201.62145706727205,-2.5256946836330907,71.97377889369449,19.19481869953555
label_control,20260908,10.0,12,4320.0,3.0,label_A,144,3,-197.72047903272036,8.507424081708235,75.51776992238302,18.95279201116361
label_control,20260908,10.0,12,4320.0,3.0,label_B,139,2,200.82652227548274,-3.1137917288670147,72.97749159249528,18.95279201116361
label_control,20260908,10.0,13,4680.0,3.25,label_A,147,5,-197.30700654567684,9.593292968286619,77.82678969894319,18.89240720947367
label_control,20260908,10.0,13,4680.0,3.25,label_B,155,0,199.7251272041427,-1.508194383586572,75.0390760616506,18.89240720947367
label_control,20260908,10.0,14,5040.0,3.5,label_A,157,3,-196.70485740585013,7.393050599755958,79.04030679797928,18.567293970858575
label_control,20260908,10.0,14,5040.0,3.5,label_B,151,6,200.33133960222727,-2.319453982148528,77.58077981779655,18.567293970858575
label_control,20260908,10.0,15,5400.0,3.75,label_A,162,7,-195.07794587972265,9.499363519410997,81.1124158371029,18.482960415463122
label_control,20260908,10.0,15,5400.0,3.75,label_B,155,8,201.93918058023345,-2.893795348465113,79.20941685878198,18.482960415463122
label_control,20260908,10.0,16,5760.0,4.0,label_A,168,6,-195.2743610002857,9.700845550552447,82.50078381963586,18.16533568444514
label_control,20260908,10.0,16,5760.0,4.0,label_B,161,3,200.90637465757345,-4.212923735236456,80.02631799153457,18.16533568444514
label_control,20260908,10.0,17,6120.0,4.25,label_A,175,6,-194.59439965777062,8.4281016420042,83.9147117496585,17.810882435154628
label_control,20260908,10.0,17,6120.0,4.25,label_B,167,4,199.3845695201041,-3.834873999670944,81.23977027687945,17.810882435154628
label_control,20260908,10.0,18,6480.0,4.5,label_A,184,5,-190.94728780257964,10.33493614370324,84.8366731584424,17.4328572064661
label_control,20260908,10.0,18,6480.0,4.5,label_B,174,5,198.5771903220211,-4.699157630003744,82.19626961587934,17.4328572064661
label_control,20260908,10.0,19,6840.0,4.75,label_A,189,5,-189.3297095287977,10.10062521656693,86.31118258049824,16.875903252496368
label_control,20260908,10.0,19,6840.0,4.75,label_B,176,7,197.7666466285148,-5.045011625846571,83.66484877045573,16.875903252496368
label_control,20260908,10.0,20,7200.0,5.0,label_A,192,5,-189.78785937731791,11.680790143789297,87.21155132370619,16.687725236630683
label_control,20260908,10.0,20,7200.0,5.0,label_B,186,4,199.1725340027704,-5.384380297076138,85.18270489401951,16.687725236630683
label_control,20260908,10.0,21,7560.0,5.25,label_A,196,3,-188.80995202723923,11.786273746602985,88.47565383131601,16.443520458099364
label_control,20260908,10.0,21,7560.0,5.25,label_B,187,4,199.9974853876422,-5.1291640263960465,86.14106041238209,16.443520458099364
label_control,20260908,10.0,22,7920.0,5.5,label_A,200,2,-189.11074663115133,9.596037612709871,89.50340371409558,16.342575889689947
label_control,20260908,10.0,22,7920.0,5.5,label_B,192,5,201.94667360329404,-4.7119234910517855,87.38837506340074,16.342575889689947
label_control,20260909,10.0,0,0.0,0.0,label_A,100,0,-202.18107900000004,0.542454,33.16974900151256,38.0
label_control,20260909,10.0,0,0.0,0.0,label_B,100,0,199.67431500000004,-1.6866380000000003,34.76312203917006,38.0
label_control,20260909,10.0,1,360.0,0.25,label_A,102,2,-201.38969061787455,1.5354915330080992,60.94132122649095,21.24707772021489
label_control,20260909,10.0,1,360.0,0.25,label_B,99,2,199.80453916605623,-0.8050843526052974,60.821245256989926,21.24707772021489
label_control,20260909,10.0,2,720.0,0.5,label_A,105,2,-199.6717990665904,1.0462466153525183,62.61948574249663,21.141062720499733
label_control,20260909,10.0,2,720.0,0.5,label_B,100,5,198.15062075210878,0.33019669339748303,61.408656172510945,21.141062720499733
label_control,20260909,10.0,3,1080.0,0.75,label_A,110,3,-198.4853861296745,1.4644082691815812,65.3226395109853,21.05610186168947
label_control,20260909,10.0,3,1080.0,0.75,label_B,107,5,200.7885295844217,-2.639925844622083,63.32064480456993,21.05610186168947
label_control,20260909,10.0,4,1440.0,1.0,label_A,111,5,-198.7846261009932,0.6034066782429452,66.91935290382,20.761660358986028
label_control,20260909,10.0,4,1440.0,1.0,label_B,108,5,201.53228184928935,-2.946607447549457,65.24210272916527,20.761660358986028
label_control,20260909,10.0,5,1800.0,1.25,label_A,119,5,-197.71617613763215,-0.7034677380548561,69.15280536856304,20.45865083397756
label_control,20260909,10.0,5,1800.0,1.25,label_B,113,3,203.08623957113915,-1.5222739680894217,66.14472643470009,20.45865083397756
label_control,20260909,10.0,6,2160.0,1.5,label_A,120,4,-198.08988068952607,-0.3543127864828482,70.27535668613285,20.24675834748323
label_control,20260909,10.0,6,2160.0,1.5,label_B,113,7,204.86039562919024,-1.247387937365421,67.51411240822488,20.24675834748323
label_control,20260909,10.0,7,2520.0,1.75,label_A,126,4,-197.4826137816108,1.809126054600427,71.09631469898294,20.201883344097325
label_control,20260909,10.0,7,2520.0,1.75,label_B,118,3,206.33324011604816,-1.573554827769857,68.56253752361187,20.201883344097325
label_control,20260909,10.0,8,2880.0,2.0,label_A,128,1,-197.20368125247722,1.6624701528645978,70.9087114914159,19.987338485767822
label_control,20260909,10.0,8,2880.0,2.0,label_B,118,5,206.37950709390356,-0.3546377068393317,69.54777535309448,19.987338485767822
label_control,20260909,10.0,9,3240.0,2.25,label_A,138,3,-196.05997923681153,3.245974231417104,71.56518819573701,19.695987653033217
label_control,20260909,10.0,9,3240.0,2.25,label_B,121,3,206.01111970206233,-0.3402391904725563,70.44969626902613,19.695987653033217
label_control,20260909,10.0,10,3600.0,2.5,label_A,146,1,-196.36770608278496,3.751169131404302,73.72884859610353,19.294975717262876
label_control,20260909,10.0,10,3600.0,2.5,label_B,130,1,205.79691259386686,-1.4660886401245428,71.13044272697188,19.294975717262876
label_control,20260909,10.0,11,3960.0,2.75,label_A,154,1,-196.730912589156,3.3580394176519337,76.09327920275281,18.561078826185064
label_control,20260909,10.0,11,3960.0,2.75,label_B,132,2,205.78015705353204,-1.6701931100623033,72.62646913534726,18.561078826185064
label_control,20260909,10.0,12,4320.0,3.0,label_A,160,5,-194.18203124911437,1.5659741686278144,79.08646122562763,18.339736389808763
label_control,20260909,10.0,12,4320.0,3.0,label_B,137,5,207.64639870771566,0.1155466184237442,74.56300307456563,18.339736389808763
label_control,20260909,10.0,13,4680.0,3.25,label_A,167,7,-193.34704908487046,-1.0785820148233747,80.16688267535373,18.170228799053607
label_control,20260909,10.0,13,4680.0,3.25,label_B,141,8,208.80489506546047,-4.38066741921209,76.08123000558356,18.170228799053607
label_control,20260909,10.0,14,5040.0,3.5,label_A,179,3,-193.24292969966146,-1.3074289272144723,82.00510130687577,18.069458973694353
label_control,20260909,10.0,14,5040.0,3.5,label_B,138,5,208.36960001211378,-4.58826765650913,76.26555560409172,18.069458973694353
label_control,20260909,10.0,15,5400.0,3.75,label_A,184,4,-193.190286416036,-0.5976329813424088,83.92712481850062,18.059944372714593
label_control,20260909,10.0,15,5400.0,3.75,label_B,141,4,206.1196228099082,-3.508750362557112,77.10765807048571,18.059944372714593
label_control,20260909,10.0,16,5760.0,4.0,label_A,197,1,-192.69337036430716,-0.4396014255746403,84.88980814329884,17.6575050175841
label_control,20260909,10.0,16,5760.0,4.0,label_B,146,4,206.70936935907952,-5.209735837377771,78.69923657579724,17.6575050175841
label_control,20260909,10.0,17,6120.0,4.25,label_A,203,3,-193.00414727728767,1.0566539424958767,87.6147548094074,16.8627256923402
label_control,20260909,10.0,17,6120.0,4.25,label_B,154,2,206.30509720556444,-4.6918820655058635,80.53988700209345,16.8627256923402
label_control,20260909,10.0,18,6480.0,4.5,label_A,210,6,-192.57361760709193,1.1974334040703347,89.92376089004063,16.492185623510352
label_control,20260909,10.0,18,6480.0,4.5,label_B,170,1,208.0948395063456,-3.5425965490927864,81.86253972019979,16.492185623510352
label_control,20260909,10.0,19,6840.0,4.75,label_A,212,6,-192.63272246295296,1.48168649239945,91.35800866979702,15.980238968421977
label_control,20260909,10.0,19,6840.0,4.75,label_B,174,1,207.21924123553316,-4.33234491506889,83.34919099962792,15.980238968421977
label_control,20260909,10.0,20,7200.0,5.0,label_A,225,7,-194.10854052246466,1.4302855159660217,92.98769658244892,16.321885216276264
label_control,20260909,10.0,20,7200.0,5.0,label_B,184,1,206.76811599388992,-3.7631150292061095,84.90277018957292,16.321885216276264
label_control,20260909,10.0,21,7560.0,5.25,label_A,227,9,-192.87945849445816,1.0230208646183974,94.51294696946188,16.155171501665887
label_control,20260909,10.0,21,7560.0,5.25,label_B,190,4,206.66173899015646,-2.6698859561598423,86.04441914973893,16.155171501665887
label_control,20260909,10.0,22,7920.0,5.5,label_A,236,5,-192.77722190722562,1.0605377512874656,95.36202731314536,15.76219422872096
label_control,20260909,10.0,22,7920.0,5.5,label_B,199,3,206.47708230396927,-3.399657181780818,87.74471605409667,15.76219422872096
label_control,20260910,10.0,0,0.0,0.0,label_A,100,0,-199.13210500000002,-2.508281,35.333315797448364,38.0
label_control,20260910,10.0,0,0.0,0.0,label_B,100,0,200.919548,3.0793880000000007,35.4214885703827,38.0
label_control,20260910,10.0,1,360.0,0.25,label_A,106,0,-199.0169898316885,-3.8422244707214235,61.276923311444214,20.788315141764766
label_control,20260910,10.0,1,360.0,0.25,label_B,108,0,201.45055829489246,2.230424291892294,61.196635310097875,20.788315141764766
label_control,20260910,10.0,2,720.0,0.5,label_A,113,1,-198.11658666280468,-3.550060234360729,64.37429786103694,20.697683650552968
label_control,20260910,10.0,2,720.0,0.5,label_B,116,2,201.54212489082303,4.140127424223513,63.97814267930513,20.697683650552968
label_control,20260910,10.0,3,1080.0,0.75,label_A,116,2,-198.0557743729616,-4.275894793396794,65.11891327963642,20.493622548346217
label_control,20260910,10.0,3,1080.0,0.75,label_B,114,5,202.6146275821867,5.312215694853795,65.95141189809146,20.493622548346217
label_control,20260910,10.0,4,1440.0,1.0,label_A,122,2,-198.51990965310077,-3.573145742825583,67.36861892292303,20.032362132152567
label_control,20260910,10.0,4,1440.0,1.0,label_B,119,3,204.33793396604653,7.157731187341544,67.32584903181595,20.032362132152567
label_control,20260910,10.0,5,1800.0,1.25,label_A,135,2,-196.70349545512275,-2.2960092397373484,69.32817340039864,19.60234085024477
label_control,20260910,10.0,5,1800.0,1.25,label_B,123,2,205.73462433187152,6.262988642290617,68.42085737111772,19.60234085024477
label_control,20260910,10.0,6,2160.0,1.5,label_A,142,3,-195.86850741521405,-0.35591642094565396,73.64075557187611,19.47984252245355
label_control,20260910,10.0,6,2160.0,1.5,label_B,124,6,204.7704703212235,6.6641947798902,69.59629393963114,19.47984252245355
label_control,20260910,10.0,7,2520.0,1.75,label_A,149,5,-197.75917125248915,-1.6603241398212005,75.21556429232498,19.5727266570558
label_control,20260910,10.0,7,2520.0,1.75,label_B,130,2,205.72475512001236,4.95585107116845,71.02945049437675,19.5727266570558
label_control,20260910,10.0,8,2880.0,2.0,label_A,154,4,-198.68972392878203,0.489186155517105,77.06325913537799,18.95663523722749
label_control,20260910,10.0,8,2880.0,2.0,label_B,145,0,205.15685337943418,4.279087044919405,73.30300006348558,18.95663523722749
label_control,20260910,10.0,9,3240.0,2.25,label_A,158,3,-198.96961783705055,-0.8325526778678519,78.63192382821934,18.709191539625053
label_control,20260910,10.0,9,3240.0,2.25,label_B,147,2,206.47858205162888,2.9857258967283613,76.0454232515858,18.709191539625053
label_control,20260910,10.0,10,3600.0,2.5,label_A,162,7,-199.02890655275002,0.5619991498842472,79.77897310364399,18.383853731541905
label_control,20260910,10.0,10,3600.0,2.5,label_B,146,5,204.52695827935258,1.8206979579802707,77.92392376145499,18.383853731541905
label_control,20260910,10.0,11,3960.0,2.75,label_A,172,4,-197.735758024032,1.8796667989444904,82.10902896985522,18.08664731585432
label_control,20260910,10.0,11,3960.0,2.75,label_B,150,3,203.42788219686147,0.4537515977534224,78.36275946793936,18.08664731585432
label_control,20260910,10.0,12,4320.0,3.0,label_A,181,5,-195.79823283940527,2.7090010135692686,83.67056385554447,17.910174346021385
label_control,20260910,10.0,12,4320.0,3.0,label_B,159,4,200.4931489418826,-1.3924176105323511,79.70418980086467,17.910174346021385
label_control,20260910,10.0,13,4680.0,3.25,label_A,188,2,-194.03230245881858,3.390866786897682,84.98305785905103,17.352992508407514
label_control,20260910,10.0,13,4680.0,3.25,label_B,164,4,202.2308409762854,-2.604947068968038,80.01475608222412,17.352992508407514
label_control,20260910,10.0,14,5040.0,3.5,label_A,204,3,-194.4740614706785,4.043884967282974,86.65973472455862,16.76904679054971
label_control,20260910,10.0,14,5040.0,3.5,label_B,179,3,202.17794378521376,-3.6416102465081313,81.78850895296713,16.76904679054971
label_control,20260910,10.0,15,5400.0,3.75,label_A,208,8,-193.65945665077535,3.7772307386735298,88.05811578497797,16.645924124015703
label_control,20260910,10.0,15,5400.0,3.75,label_B,188,0,203.98376418504856,-4.173800656721496,83.38164717705456,16.645924124015703
label_control,20260910,10.0,16,5760.0,4.0,label_A,217,10,-190.94253628893412,2.864173057372637,90.5885465733567,16.13856355286641
label_control,20260910,10.0,16,5760.0,4.0,label_B,198,3,202.7885289395537,-4.991545453117795,86.19567727421271,16.13856355286641
label_control,20260910,10.0,17,6120.0,4.25,label_A,227,5,-192.019183960617,2.9436981592388705,92.01943290815865,15.947437634792838
label_control,20260910,10.0,17,6120.0,4.25,label_B,199,4,204.08474669013904,-4.318400705849809,87.89723694066296,15.947437634792838
label_control,20260910,10.0,18,6480.0,4.5,label_A,236,5,-192.35178530592773,1.8436203498797168,94.0134868487314,15.38946386406748
label_control,20260910,10.0,18,6480.0,4.5,label_B,213,4,202.38800128697306,-4.170825137934421,88.92784425015199,15.38946386406748
label_control,20260910,10.0,19,6840.0,4.75,label_A,243,3,-192.2104956778012,3.4109236644358596,96.38416074040626,15.10626369106142
label_control,20260910,10.0,19,6840.0,4.75,label_B,229,3,200.57477481582137,-6.316866528334375,92.2540832904665,15.10626369106142
label_control,20260910,10.0,20,7200.0,5.0,label_A,252,10,-193.31107921868644,4.304872905714321,97.80686449517329,15.041109337226398
label_control,20260910,10.0,20,7200.0,5.0,label_B,238,3,199.47644681798127,-4.906651273395813,93.99433885332681,15.041109337226398
label_control,20260910,10.0,21,7560.0,5.25,label_A,261,6,-193.5054832857279,3.1134508193344885,100.07263477072932,14.636831373795019
label_control,20260910,10.0,21,7560.0,5.25,label_B,245,2,198.45066475456977,-5.013260308352103,95.6877193785343,14.636831373795019
label_control,20260910,10.0,22,7920.0,5.5,label_A,274,3,-190.1172400772633,2.973167199454385,101.66940691194903,14.429640748209415
label_control,20260910,10.0,22,7920.0,5.5,label_B,253,6,197.6346619836791,-4.93294096335479,97.46155446395926,14.429640748209415
label_control,20260911,10.0,0,0.0,0.0,label_A,100,0,-201.78308399999997,-3.5222959999999994,34.976012304010986,38.0
label_control,20260911,10.0,0,0.0,0.0,label_B,100,0,199.74730500000004,1.1192359999999995,34.83179223570586,38.0
label_control,20260911,10.0,1,360.0,0.25,label_A,106,1,-202.04230279984915,-4.610002926075292,61.457192907005854,20.949423457846933
label_control,20260911,10.0,1,360.0,0.25,label_B,104,2,199.80476630749132,1.3594707940658732,60.79618646164125,20.949423457846933
label_control,20260911,10.0,2,720.0,0.5,label_A,110,4,-200.57493234636462,-3.750117101490276,64.07673363195109,20.735722624163568
label_control,20260911,10.0,2,720.0,0.5,label_B,110,1,199.69389280793888,2.89133256981259,63.62990209286299,20.735722624163568
label_control,20260911,10.0,3,1080.0,0.75,label_A,116,3,-200.67008263122537,-2.526301778893182,66.6217053177124,20.446441002108934
label_control,20260911,10.0,3,1080.0,0.75,label_B,110,1,199.0231581888595,2.691242309464287,65.08789035848599,20.446441002108934
label_control,20260911,10.0,4,1440.0,1.0,label_A,119,2,-202.30467436919986,-2.4209258118166623,67.69682456021764,20.206992945935095
label_control,20260911,10.0,4,1440.0,1.0,label_B,117,1,200.32526920236506,2.7592790277038306,65.88034447153065,20.206992945935095
label_control,20260911,10.0,5,1800.0,1.25,label_A,119,2,-202.22611201666774,-2.2064868588572177,68.49173252653111,20.08698879836653
label_control,20260911,10.0,5,1800.0,1.25,label_B,122,3,199.21990421865218,3.917637534146046,67.92831752509574,20.08698879836653
label_control,20260911,10.0,6,2160.0,1.5,label_A,122,1,-202.48058088977908,-2.593805812079825,69.51527108637113,19.826257137350527
label_control,20260911,10.0,6,2160.0,1.5,label_B,127,2,197.89353567729535,2.9074146923464133,69.27795932517762,19.826257137350527
label_control,20260911,10.0,7,2520.0,1.75,label_A,125,6,-202.03382779787987,-2.561265422017807,71.45531831505397,19.73919588737482
label_control,20260911,10.0,7,2520.0,1.75,label_B,130,3,198.9408895974767,3.545962758556712,71.56207799150178,19.73919588737482
label_control,20260911,10.0,8,2880.0,2.0,label_A,134,8,-200.87695858678535,-1.5592500750242562,73.63530730593185,19.742053351073565
label_control,20260911,10.0,8,2880.0,2.0,label_B,129,7,195.77662620369696,2.5671581334860822,73.06257655951276,19.742053351073565
label_control,20260911,10.0,9,3240.0,2.25,label_A,139,2,-201.4555285006923,-4.159685732703377,74.3209450362595,19.329313314443386
label_control,20260911,10.0,9,3240.0,2.25,label_B,135,3,192.96880760911213,2.878090577060423,73.81529002720796,19.329313314443386
label_control,20260911,10.0,10,3600.0,2.5,label_A,145,4,-201.57365921487096,-3.5641392577508393,75.06727823722336,19.014892534118086
label_control,20260911,10.0,10,3600.0,2.5,label_B,139,1,194.41379870500882,1.182683094931519,74.60843466472986,19.014892534118086
label_control,20260911,10.0,11,3960.0,2.75,label_A,148,4,-204.81489350063885,-3.092663150651843,76.8449776153214,18.838216491871552
label_control,20260911,10.0,11,3960.0,2.75,label_B,143,3,193.72565830439123,-1.1172044189598236,75.71043965800519,18.838216491871552
label_control,20260911,10.0,12,4320.0,3.0,label_A,155,4,-205.45953751205343,-3.1692941113700197,78.09352798782945,18.71337075602745
label_control,20260911,10.0,12,4320.0,3.0,label_B,149,3,193.68649490133325,-2.392591731392263,76.38327303744515,18.71337075602745
label_control,20260911,10.0,13,4680.0,3.25,label_A,161,5,-205.34225783055123,-4.297797786182176,80.40518824091436,18.53558975888998
label_control,20260911,10.0,13,4680.0,3.25,label_B,150,4,193.38976744843825,-1.0998817571653638,76.97090133054765,18.53558975888998
label_control,20260911,10.0,14,5040.0,3.5,label_A,162,5,-206.4416606790303,-6.189497339524098,81.42376443459897,18.22283296641503
label_control,20260911,10.0,14,5040.0,3.5,label_B,151,7,192.8636633167572,-0.3876126663228619,77.7633115041891,18.22283296641503
label_control,20260911,10.0,15,5400.0,3.75,label_A,170,4,-205.82853400294638,-8.239858239609212,82.54290879103874,17.957120678265735
label_control,20260911,10.0,15,5400.0,3.75,label_B,159,3,194.04334580877858,-2.9498151746722536,79.94591768914906,17.957120678265735
label_control,20260911,10.0,16,5760.0,4.0,label_A,173,4,-204.33844954669885,-9.318282876680133,83.14864000045485,17.886980642998275
label_control,20260911,10.0,16,5760.0,4.0,label_B,170,6,196.23726337511752,-6.109217296294618,81.7853316084181,17.886980642998275
label_control,20260911,10.0,17,6120.0,4.25,label_A,178,3,-204.3620184550718,-8.362761261591729,84.17312616839526,17.501371591185595
label_control,20260911,10.0,17,6120.0,4.25,label_B,180,5,196.73859555444795,-7.3597552028205175,83.71474700694466,17.501371591185595
label_control,20260911,10.0,18,6480.0,4.5,label_A,190,3,-204.58217232904167,-10.23914562755439,85.73111139331638,16.984517545792986
label_control,20260911,10.0,18,6480.0,4.5,label_B,186,4,195.0987954858204,-7.806998954303259,84.57341445070911,16.984517545792986
label_control,20260911,10.0,19,6840.0,4.75,label_A,199,5,-202.3167225594395,-11.105774508052338,87.53711625368236,16.627188884805097
label_control,20260911,10.0,19,6840.0,4.75,label_B,197,1,195.63374296483488,-8.563395276230363,86.39701011831418,16.627188884805097
label_control,20260911,10.0,20,7200.0,5.0,label_A,207,6,-201.8385766817914,-12.365961646369602,89.46032550326396,16.276654363679192
label_control,20260911,10.0,20,7200.0,5.0,label_B,206,2,195.6628496629208,-7.54552733002933,88.49678681150488,16.276654363679192
label_control,20260911,10.0,21,7560.0,5.25,label_A,212,5,-201.72304472750002,-13.560775423394862,90.62943702705715,16.029351020763478
label_control,20260911,10.0,21,7560.0,5.25,label_B,216,7,199.16165187854696,-6.9875934175780685,91.39083030526149,16.029351020763478
label_control,20260911,10.0,22,7920.0,5.5,label_A,224,5,-201.2065512917091,-14.348050267411068,92.19947705625454,15.773521975087966
label_control,20260911,10.0,22,7920.0,5.5,label_B,227,8,200.41333436261988,-8.147822555787043,92.74291896089196,15.773521975087966
label_control,20260912,10.0,0,0.0,0.0,label_A,100,0,-194.912142,1.9674079999999996,34.501635210287816,38.0
label_control,20260912,10.0,0,0.0,0.0,label_B,100,0,200.75439600000004,2.1256339999999994,35.528855340162984,38.0
label_control,20260912,10.0,1,360.0,0.25,label_A,103,1,-196.15262985037907,2.806625788046481,61.25281444550013,20.97612145738379
label_control,20260912,10.0,1,360.0,0.25,label_B,104,2,199.61520333007508,4.82629512802439,61.41794970180556,20.97612145738379
label_control,20260912,10.0,2,720.0,0.5,label_A,108,1,-196.40421181758248,1.4762080565616846,62.91340292885509,20.984987531419815
label_control,20260912,10.0,2,720.0,0.5,label_B,109,6,199.98153969629567,4.810452732421938,63.477858652911685,20.984987531419815
label_control,20260912,10.0,3,1080.0,0.75,label_A,112,1,-194.6162361270614,1.467385033412036,64.72088693042814,20.88002225886306
label_control,20260912,10.0,3,1080.0,0.75,label_B,108,6,200.39539045579343,4.167610538639566,65.28984662860923,20.88002225886306
label_control,20260912,10.0,4,1440.0,1.0,label_A,110,3,-194.99167497655444,1.6834317730615287,65.88607776731408,20.546551531404408
label_control,20260912,10.0,4,1440.0,1.0,label_B,117,3,201.16263672891108,1.8383097094567347,66.80725190894523,20.546551531404408
label_control,20260912,10.0,5,1800.0,1.25,label_A,113,1,-194.28744244636033,-0.17025395457269957,67.17931577793318,20.143746031987465
label_control,20260912,10.0,5,1800.0,1.25,label_B,129,1,201.12863767335517,3.860130588629319,69.13493570662587,20.143746031987465
label_control,20260912,10.0,6,2160.0,1.5,label_A,117,4,-191.0754116674819,2.727172368237235,67.5585793109281,20.11848020495727
label_control,20260912,10.0,6,2160.0,1.5,label_B,134,1,202.1312605682807,2.178001397401717,70.6673442598795,20.11848020495727
label_control,20260912,10.0,7,2520.0,1.75,label_A,120,5,-191.36382841618973,2.856881632124462,68.56774407024794,19.250203427205296
label_control,20260912,10.0,7,2520.0,1.75,label_B,142,2,204.24199057904028,2.796625736051276,72.80913270558696,19.250203427205296
label_control,20260912,10.0,8,2880.0,2.0,label_A,125,4,-191.96866598747937,4.102692089465739,70.36409201732097,19.053737742635548
label_control,20260912,10.0,8,2880.0,2.0,label_B,143,3,204.98731761455213,3.3047775793499508,73.76354005627823,19.053737742635548
label_control,20260912,10.0,9,3240.0,2.25,label_A,129,2,-190.2830331131418,3.7116348699267774,71.50312531460987,19.31546320019901
label_control,20260912,10.0,9,3240.0,2.25,label_B,146,5,204.34757334189604,3.092687024819037,75.70808513699369,19.31546320019901
label_control,20260912,10.0,10,3600.0,2.5,label_A,132,3,-188.88721817731118,4.779265812251648,72.7719175123431,19.24677578532979
label_control,20260912,10.0,10,3600.0,2.5,label_B,148,3,204.8382102369658,4.105915236218264,76.90007420571676,19.24677578532979
label_control,20260912,10.0,11,3960.0,2.75,label_A,137,4,-188.4435637505882,3.8983988903844717,74.55080713525055,18.94882142734781
label_control,20260912,10.0,11,3960.0,2.75,label_B,149,4,204.22382987107267,4.797860079961661,77.32975192643839,18.94882142734781
label_control,20260912,10.0,12,4320.0,3.0,label_A,142,9,-189.6357013947513,4.451811515291192,75.9808386298437,18.89131484145177
label_control,20260912,10.0,12,4320.0,3.0,label_B,155,4,205.3306355902273,4.219576012995756,78.66017049451315,18.89131484145177
label_control,20260912,10.0,13,4680.0,3.25,label_A,144,2,-189.59999656848984,2.9349411711782096,76.96181457554127,18.42897813950312
label_control,20260912,10.0,13,4680.0,3.25,label_B,160,5,204.28005325256515,4.314764801518471,80.52618920185536,18.42897813950312
label_control,20260912,10.0,14,5040.0,3.5,label_A,147,2,-190.21634110506454,2.79785764350805,76.95833248022423,18.021108495932
label_control,20260912,10.0,14,5040.0,3.5,label_B,173,3,203.17183457020985,2.5510761253044802,82.31650983160206,18.021108495932
label_control,20260912,10.0,15,5400.0,3.75,label_A,150,6,-188.4247832852851,-0.12323265408957998,78.3284130049386,17.55546492494161
label_control,20260912,10.0,15,5400.0,3.75,label_B,181,4,202.91698886177122,4.085289258804341,83.17548201924538,17.55546492494161
label_control,20260912,10.0,16,5760.0,4.0,label_A,156,7,-187.7156154499894,-1.2431301051933565,79.54039895128825,17.329833219197024
label_control,20260912,10.0,16,5760.0,4.0,label_B,186,5,203.85734509053293,4.225654866663045,83.92718405977517,17.329833219197024
label_control,20260912,10.0,17,6120.0,4.25,label_A,168,6,-186.75974574603927,-2.3623071272415537,81.69785574248064,16.949664419742238
label_control,20260912,10.0,17,6120.0,4.25,label_B,195,2,202.3273480531579,4.294788195464672,85.47632362175413,16.949664419742238
label_control,20260912,10.0,18,6480.0,4.5,label_A,180,3,-186.71501345072886,-3.275549292830338,82.9846747532834,16.802680560453776
label_control,20260912,10.0,18,6480.0,4.5,label_B,202,3,202.84250552337681,4.417033914485497,87.66990742011379,16.802680560453776
label_control,20260912,10.0,19,6840.0,4.75,label_A,186,2,-185.74034640904085,-4.388805061117893,84.84106846133155,16.625571986363784
label_control,20260912,10.0,19,6840.0,4.75,label_B,206,8,203.45670430374275,3.800833495712122,90.51811374704485,16.625571986363784
label_control,20260912,10.0,20,7200.0,5.0,label_A,193,3,-186.59048004875834,-4.122381172961036,86.05919892603119,16.161487391769104
label_control,20260912,10.0,20,7200.0,5.0,label_B,210,6,202.55133730613937,3.0918802713525,91.2183451596203,16.161487391769104
label_control,20260912,10.0,21,7560.0,5.25,label_A,204,3,-186.62569247329222,-3.4578864348518588,87.66261205701821,15.969524492048293
label_control,20260912,10.0,21,7560.0,5.25,label_B,218,5,203.53548191398582,3.7634923250225087,91.91647048144124,15.969524492048293
label_control,20260912,10.0,22,7920.0,5.5,label_A,208,9,-185.05001399706214,-4.244365579958319,90.71579414665497,15.841211534321673
label_control,20260912,10.0,22,7920.0,5.5,label_B,225,4,204.43798450976035,3.7353122862163883,94.00015218760615,15.841211534321673
label_control,20260913,10.0,0,0.0,0.0,label_A,100,0,-198.05416100000002,-0.5386430000000003,34.1769811791479,38.0
label_control,20260913,10.0,0,0.0,0.0,label_B,100,0,200.15982900000006,3.787829,33.92115969546321,38.0
label_control,20260913,10.0,1,360.0,0.25,label_A,106,2,-197.96562320474683,-0.3910142097794726,61.26509769658523,20.829817270425572
label_control,20260913,10.0,1,360.0,0.25,label_B,106,0,198.6245505851552,2.557720844559343,61.20818341649048,20.829817270425572
label_control,20260913,10.0,2,720.0,0.5,label_A,116,2,-197.25020734190858,0.8140573710984974,65.39535500530481,20.600223734777945
label_control,20260913,10.0,2,720.0,0.5,label_B,112,4,197.94305117947826,2.8486179984401203,63.345337809389136,20.600223734777945
label_control,20260913,10.0,3,1080.0,0.75,label_A,122,3,-197.88835139866208,-0.37727147112352905,67.00995403781556,20.404573393080558
label_control,20260913,10.0,3,1080.0,0.75,label_B,117,6,198.62599688174433,3.7689961091040276,65.48568324739446,20.404573393080558
label_control,20260913,10.0,4,1440.0,1.0,label_A,128,5,-200.31786440355944,2.3065276412461158,69.43618407134211,20.245428116516102
label_control,20260913,10.0,4,1440.0,1.0,label_B,120,3,198.07682208931527,3.974317126184486,67.55975585528597,20.245428116516102
label_control,20260913,10.0,5,1800.0,1.25,label_A,129,6,-201.65218363263816,3.795022094518086,71.91673241672699,20.036174430027504
label_control,20260913,10.0,5,1800.0,1.25,label_B,126,0,197.99566844898536,3.8380318741398805,69.78272650314295,20.036174430027504
label_control,20260913,10.0,6,2160.0,1.5,label_A,136,3,-202.36005767894116,1.734343361873963,72.66497253222377,19.868946890846285
label_control,20260913,10.0,6,2160.0,1.5,label_B,128,3,196.84649363196075,2.953310008876106,70.97961468564786,19.868946890846285
label_control,20260913,10.0,7,2520.0,1.75,label_A,139,3,-200.5113525915154,1.7002942967844057,74.04213215960532,19.316844243147298
label_control,20260913,10.0,7,2520.0,1.75,label_B,130,6,196.87899706366227,1.105030354517383,72.4568957535738,19.316844243147298
label_control,20260913,10.0,8,2880.0,2.0,label_A,141,6,-199.1419487219183,2.5431441964600134,75.2230252083652,19.272896077592915
label_control,20260913,10.0,8,2880.0,2.0,label_B,130,5,197.05199195478326,2.179761895647858,73.11950123427205,19.272896077592915
label_control,20260913,10.0,9,3240.0,2.25,label_A,145,4,-199.2600876138923,0.7773376028225969,76.55504564630294,18.98447067847302
label_control,20260913,10.0,9,3240.0,2.25,label_B,138,3,199.1048960373568,2.49115699595734,74.6130667820488,18.98447067847302
label_control,20260913,10.0,10,3600.0,2.5,label_A,152,4,-200.9030111972637,-1.1875574905212016,77.27726628989008,19.052380164237544
label_control,20260913,10.0,10,3600.0,2.5,label_B,141,2,198.5517003185472,1.1165396997071877,75.4704905284831,19.052380164237544
label_control,20260913,10.0,11,3960.0,2.75,label_A,150,7,-200.4354007136759,-1.017881721249153,78.4964709889237,18.78015863879042
label_control,20260913,10.0,11,3960.0,2.75,label_B,145,4,198.75452916226962,1.2591367682821937,76.49054151455968,18.78015863879042
label_control,20260913,10.0,12,4320.0,3.0,label_A,156,6,-200.75532636509323,-4.946839338668669,79.5258367164967,18.808834860174546
label_control,20260913,10.0,12,4320.0,3.0,label_B,147,2,199.58788631038416,0.9681935099308583,77.48742718709768,18.808834860174546
label_control,20260913,10.0,13,4680.0,3.25,label_A,164,5,-200.40580214807028,-6.325853087854965,80.83167215731328,18.22055523592792
label_control,20260913,10.0,13,4680.0,3.25,label_B,150,3,199.36983733520051,0.7005161186020085,78.02127504580675,18.22055523592792
label_control,20260913,10.0,14,5040.0,3.5,label_A,174,5,-200.79977151699273,-6.689206707362531,82.31459104528362,17.99646403156337
label_control,20260913,10.0,14,5040.0,3.5,label_B,158,1,199.3756511230268,1.0014286246769777,79.02257767239409,17.99646403156337
label_control,20260913,10.0,15,5400.0,3.75,label_A,182,4,-202.9073433374868,-9.00799228554228,84.11350326200925,17.865564553303678
label_control,20260913,10.0,15,5400.0,3.75,label_B,165,3,198.53321630546955,0.48472027925123035,79.5868581004006,17.865564553303678
label_control,20260913,10.0,16,5760.0,4.0,label_A,187,4,-204.01845268283034,-8.89299039610612,85.25835390536828,17.679145903181492
label_control,20260913,10.0,16,5760.0,4.0,label_B,167,7,200.01150139020856,0.05086818847850194,81.46462005688622,17.679145903181492
label_control,20260913,10.0,17,6120.0,4.25,label_A,187,7,-204.44949210911318,-8.727108573868037,86.05312335260237,17.54178249611498
label_control,20260913,10.0,17,6120.0,4.25,label_B,163,11,199.15028343407036,1.6488324712327231,82.49368307291513,17.54178249611498
label_control,20260913,10.0,18,6480.0,4.5,label_A,195,8,-206.39110744352772,-7.377107435759809,87.88335658533488,17.3345929326524
label_control,20260913,10.0,18,6480.0,4.5,label_B,172,10,196.74205356731122,3.7964859110989155,83.47251904257045,17.3345929326524
label_control,20260913,10.0,19,6840.0,4.75,label_A,212,5,-208.9400185921946,-6.450583437396119,89.23564608855558,16.77906347677238
label_control,20260913,10.0,19,6840.0,4.75,label_B,185,3,195.47425619685413,2.8986479446787223,85.37828402879744,16.77906347677238
label_control,20260913,10.0,20,7200.0,5.0,label_A,222,3,-209.4935130696578,-7.306800907940384,91.27694240998547,16.29662324711229
label_control,20260913,10.0,20,7200.0,5.0,label_B,192,0,194.88345219385005,3.609348072486617,86.79970342128662,16.29662324711229
label_control,20260913,10.0,21,7560.0,5.25,label_A,231,6,-207.4950400037799,-7.358976194562712,93.71732043635461,15.82767688022043
label_control,20260913,10.0,21,7560.0,5.25,label_B,196,3,193.37474381623892,4.333012204958935,88.05573708061355,15.82767688022043
label_control,20260913,10.0,22,7920.0,5.5,label_A,244,6,-206.361017598678,-6.883172642893365,94.84025323499301,15.637846787518594
label_control,20260913,10.0,22,7920.0,5.5,label_B,197,6,192.64858901902517,6.302070284126235,89.15598411127063,15.637846787518594
label_control,20260914,10.0,0,0.0,0.0,label_A,100,0,-201.70508,-1.41421,34.64555327301182,38.0
label_control,20260914,10.0,0,0.0,0.0,label_B,100,0,202.62440100000003,1.4556730000000004,35.515855391572224,38.0
label_control,20260914,10.0,1,360.0,0.25,label_A,104,1,-201.53640369393452,-1.100932026047195,61.09890588773607,20.962238678268132
label_control,20260914,10.0,1,360.0,0.25,label_B,107,0,205.29904000111134,1.5095683694526056,62.19312785937936,20.962238678268132
label_control,20260914,10.0,2,720.0,0.5,label_A,110,2,-200.2904512943059,-3.0442840842317618,62.87835049158325,20.790666638170567
label_control,20260914,10.0,2,720.0,0.5,label_B,111,2,204.60033084773715,1.4775535963713122,64.1965854865504,20.790666638170567
label_control,20260914,10.0,3,1080.0,0.75,label_A,111,3,-197.35651649595914,-3.299086710403914,64.76345458891014,20.604805448274302
label_control,20260914,10.0,3,1080.0,0.75,label_B,117,3,203.83205574258986,2.3060013758547107,66.52984485933202,20.604805448274302
label_control,20260914,10.0,4,1440.0,1.0,label_A,118,1,-198.06235935936348,-1.8626255672701373,66.39390770541657,20.19670308308185
label_control,20260914,10.0,4,1440.0,1.0,label_B,121,8,206.3545860400621,2.581206750537161,69.74037369461081,20.19670308308185
label_control,20260914,10.0,5,1800.0,1.25,label_A,125,2,-197.973356345114,-2.270410950080113,68.38543761530703,19.94690065849727
label_control,20260914,10.0,5,1800.0,1.25,label_B,124,5,206.86615765058406,1.8982798566217427,70.12747821216598,19.94690065849727
label_control,20260914,10.0,6,2160.0,1.5,label_A,133,5,-199.3517471855017,-2.531858169822358,69.91674007654507,19.74536461024975
label_control,20260914,10.0,6,2160.0,1.5,label_B,130,2,206.52982491785247,2.362257484934411,71.13795607019499,19.74536461024975
label_control,20260914,10.0,7,2520.0,1.75,label_A,139,3,-201.45566243858238,-2.8927962659995297,72.59357583530894,19.370015337770024
label_control,20260914,10.0,7,2520.0,1.75,label_B,138,5,207.66074659442043,1.359102571531369,72.46784205992427,19.370015337770024
label_control,20260914,10.0,8,2880.0,2.0,label_A,147,5,-202.61757137168604,-4.816998368045945,74.90434823013598,19.167034273440727
label_control,20260914,10.0,8,2880.0,2.0,label_B,146,4,206.97684846459066,2.429211301470897,74.44087248201275,19.167034273440727
label_control,20260914,10.0,9,3240.0,2.25,label_A,150,4,-202.8763668880718,-5.287784418214867,77.20201045882446,18.809491269043942
label_control,20260914,10.0,9,3240.0,2.25,label_B,149,3,207.96082374180486,1.0080530284102605,76.35608164719787,18.809491269043942
label_control,20260914,10.0,10,3600.0,2.5,label_A,154,4,-204.026792374818,-4.245535623793662,78.67388841051,18.651012946053676
label_control,20260914,10.0,10,3600.0,2.5,label_B,154,6,207.8347381544875,1.3154172239740611,77.1746158247126,18.651012946053676
label_control,20260914,10.0,11,3960.0,2.75,label_A,169,2,-204.48416398158548,-5.424043622292711,80.20018791917465,18.105569289379925
label_control,20260914,10.0,11,3960.0,2.75,label_B,163,4,207.88932075728826,1.8962822718444754,79.69494426116859,18.105569289379925
label_control,20260914,10.0,12,4320.0,3.0,label_A,172,4,-202.22534432089134,-4.451140843968415,81.78455284066713,17.92018552724597
label_control,20260914,10.0,12,4320.0,3.0,label_B,171,3,209.42469595527277,2.987534958685191,80.51836394145715,17.92018552724597
label_control,20260914,10.0,13,4680.0,3.25,label_A,179,4,-203.08534136512895,-3.763340859253732,83.13249681795055,17.67078217452662
label_control,20260914,10.0,13,4680.0,3.25,label_B,180,3,208.02688273712587,2.002789000856919,82.63283259060393,17.67078217452662
label_control,20260914,10.0,14,5040.0,3.5,label_A,194,3,-203.30831144755842,-2.3576840738401668,85.06207195724949,17.257715536797857
label_control,20260914,10.0,14,5040.0,3.5,label_B,187,2,206.66584479531178,0.9506166626143339,84.65320436531468,17.257715536797857
label_control,20260914,10.0,15,5400.0,3.75,label_A,201,4,-202.59628669523147,-3.0667739702723376,86.66109038773621,16.979849960286714
label_control,20260914,10.0,15,5400.0,3.75,label_B,196,5,210.5075839988457,0.15859539383529647,86.6541096652304,16.979849960286714
label_control,20260914,10.0,16,5760.0,4.0,label_A,210,4,-202.7110954566206,-2.7318533724368015,88.80555346584298,16.470367931962176
label_control,20260914,10.0,16,5760.0,4.0,label_B,207,6,211.05486937521266,0.25702644191819307,88.79579293242456,16.470367931962176
label_control,20260914,10.0,17,6120.0,4.25,label_A,219,6,-205.4928942726243,-1.6069511153849216,90.50799072452782,16.195482047732284
label_control,20260914,10.0,17,6120.0,4.25,label_B,213,8,209.89028901841036,1.2999063785408749,91.41976958754111,16.195482047732284
label_control,20260914,10.0,18,6480.0,4.5,label_A,230,5,-207.06381811823212,-2.1468977264119937,93.51623310970699,15.85803696517793
label_control,20260914,10.0,18,6480.0,4.5,label_B,221,7,211.31166127991887,-0.7367327995287565,92.02963558064725,15.85803696517793
label_control,20260914,10.0,19,6840.0,4.75,label_A,240,6,-207.11024383873894,-2.235475320106059,95.4890772128005,15.647529899436085
label_control,20260914,10.0,19,6840.0,4.75,label_B,231,4,212.05806901651718,-1.70697571555867,93.68222563747443,15.647529899436085
label_control,20260914,10.0,20,7200.0,5.0,label_A,253,5,-205.76059443863338,-2.6811980634139037,97.21455409038822,15.26286077832654
label_control,20260914,10.0,20,7200.0,5.0,label_B,241,9,213.95881139200483,-2.100264664335089,95.27803641859097,15.26286077832654
label_control,20260914,10.0,21,7560.0,5.25,label_A,263,4,-207.48860191323632,-3.42979474755145,99.63340017744083,14.978862545095305
label_control,20260914,10.0,21,7560.0,5.25,label_B,252,3,214.48603994320828,-2.925991097108505,96.86046618912505,14.978862545095305
label_control,20260914,10.0,22,7920.0,5.5,label_A,266,9,-206.50342543035896,-2.522526295537064,100.92520756980637,14.593896777918502
label_control,20260914,10.0,22,7920.0,5.5,label_B,257,7,215.840468960587,-4.641146171854119,98.68469367400276,14.593896777918502
label_control,20260915,10.0,0,0.0,0.0,label_A,100,0,-201.561616,1.393884,35.16574942903233,38.0
label_control,20260915,10.0,0,0.0,0.0,label_B,100,0,197.46696099999994,0.335052,35.14672235119621,38.0
label_control,20260915,10.0,1,360.0,0.25,label_A,107,2,-203.74733044618256,-1.1886800884713333,61.920443912358614,21.096368100650775
label_control,20260915,10.0,1,360.0,0.25,label_B,104,4,198.81836755986052,1.128889320234917,61.78938786987474,21.096368100650775
label_control,20260915,10.0,2,720.0,0.5,label_A,110,4,-201.563591939098,-0.025632691955769296,64.66542381221952,21.00077093251235
label_control,20260915,10.0,2,720.0,0.5,label_B,103,6,198.77111403088523,1.6438046465238154,63.37720530981086,21.00077093251235
label_control,20260915,10.0,3,1080.0,0.75,label_A,111,3,-201.41319355224832,-1.11167393712946,65.60319754439772,20.911644925318296
label_control,20260915,10.0,3,1080.0,0.75,label_B,107,4,199.55368082321093,1.675113840848536,64.58522581883737,20.911644925318296
label_control,20260915,10.0,4,1440.0,1.0,label_A,114,2,-202.79331289234557,-1.4786274823305257,66.49577410537675,20.717901177918144
label_control,20260915,10.0,4,1440.0,1.0,label_B,107,4,199.51088948400695,0.41324466920787356,65.78007415682507,20.717901177918144
label_control,20260915,10.0,5,1800.0,1.25,label_A,110,7,-204.09504011050035,-1.8828121448302144,67.43258467656,20.527165435578862
label_control,20260915,10.0,5,1800.0,1.25,label_B,119,2,197.98200026048397,-0.6305695088593317,67.26869200671482,20.527165435578862
label_control,20260915,10.0,6,2160.0,1.5,label_A,119,9,-201.66094899572258,-2.197901727436137,68.86269651529419,20.193436283703665
label_control,20260915,10.0,6,2160.0,1.5,label_B,124,3,199.52182477129688,0.2284308652111694,69.71346839706614,20.193436283703665
label_control,20260915,10.0,7,2520.0,1.75,label_A,119,6,-202.4832506416721,-2.0826389418045372,69.6630345495786,19.893737111416172
label_control,20260915,10.0,7,2520.0,1.75,label_B,129,3,200.07375912659342,-0.11090713091979755,70.84751415278218,19.893737111416172
label_control,20260915,10.0,8,2880.0,2.0,label_A,124,3,-203.05235023817048,-1.4773636076693248,71.40386623283435,19.471584537064
label_control,20260915,10.0,8,2880.0,2.0,label_B,136,0,200.56275759205855,-2.023303044426563,72.62605453853017,19.471584537064
label_control,20260915,10.0,9,3240.0,2.25,label_A,128,3,-202.3135513629486,-1.8317045529266016,72.5320795216183,19.25796794546995
label_control,20260915,10.0,9,3240.0,2.25,label_B,141,1,200.94503486994313,-1.3277561277400116,74.31931089724931,19.25796794546995
label_control,20260915,10.0,10,3600.0,2.5,label_A,133,1,-203.91792903440475,-1.8809395657620238,72.67133003676808,19.255388307902624
label_control,20260915,10.0,10,3600.0,2.5,label_B,150,4,197.72349443161832,-1.8411968992588421,77.19609236977637,19.255388307902624
label_control,20260915,10.0,11,3960.0,2.75,label_A,134,2,-204.27150200424762,-1.3678602664483066,72.94801004217402,18.895691713596694
label_control,20260915,10.0,11,3960.0,2.75,label_B,158,5,198.3134067493016,-3.522611589115468,78.42838192958041,18.895691713596694
label_control,20260915,10.0,12,4320.0,3.0,label_A,140,0,-203.54124169318843,-1.585883202975099,74.36201170889812,18.219291226090625
label_control,20260915,10.0,12,4320.0,3.0,label_B,164,3,196.94741630723271,-3.2886524444605674,79.9162425825358,18.219291226090625
label_control,20260915,10.0,13,4680.0,3.25,label_A,141,4,-205.21348789723547,-1.7234486841203607,75.12106343713758,17.973884437405715
label_control,20260915,10.0,13,4680.0,3.25,label_B,172,4,196.6313203151993,-4.677235964573975,80.50067542785806,17.973884437405715
label_control,20260915,10.0,14,5040.0,3.5,label_A,151,3,-206.98129220807408,-2.3544798654885293,77.62377371737858,17.604652430825976
label_control,20260915,10.0,14,5040.0,3.5,label_B,177,4,195.83899603467873,-4.224614748459287,82.0196075143042,17.604652430825976
label_control,20260915,10.0,15,5400.0,3.75,label_A,159,2,-206.34588335721438,-2.852561810662094,79.21305212483027,17.411641910689795
label_control,20260915,10.0,15,5400.0,3.75,label_B,184,4,195.28997504439292,-4.155266174184633,83.03187418327099,17.411641910689795
label_control,20260915,10.0,16,5760.0,4.0,label_A,165,3,-206.58553156301636,-2.9261327252650817,80.11893183133792,17.429786882370202
label_control,20260915,10.0,16,5760.0,4.0,label_B,184,8,197.01312321535647,-2.4610627224175756,83.67272235909921,17.429786882370202
label_control,20260915,10.0,17,6120.0,4.25,label_A,171,4,-207.24892156547753,-1.6029200266697312,82.33765774322232,17.18689625397801
label_control,20260915,10.0,17,6120.0,4.25,label_B,187,12,197.24968520452674,-2.551969476521324,85.0303849044715,17.18689625397801
label_control,20260915,10.0,18,6480.0,4.5,label_A,175,5,-207.17588623715025,-1.4245174576926127,82.62147338607281,17.03906955790364
label_control,20260915,10.0,18,6480.0,4.5,label_B,189,12,196.4840687763856,-2.1101421475794147,86.18465613938528,17.03906955790364
label_control,20260915,10.0,19,6840.0,4.75,label_A,184,6,-206.95580830631448,-1.8889947422246585,84.43736343354414,17.111039469741705
label_control,20260915,10.0,19,6840.0,4.75,label_B,196,5,196.93402607283707,-2.184352704799825,86.72720119373606,17.111039469741705
label_control,20260915,10.0,20,7200.0,5.0,label_A,192,3,-206.9525598317451,-1.5106491204697152,84.86379638653108,16.702555794513533
label_control,20260915,10.0,20,7200.0,5.0,label_B,196,7,194.64339244197862,-2.086147899358574,88.36820054377796,16.702555794513533
label_control,20260915,10.0,21,7560.0,5.25,label_A,199,3,-207.88146762863283,-1.0873993162245166,86.86542626331098,16.748835636124063
label_control,20260915,10.0,21,7560.0,5.25,label_B,209,5,194.9427413151626,-2.0529622048612706,89.33310532060715,16.748835636124063
label_control,20260915,10.0,22,7920.0,5.5,label_A,200,6,-208.77266687562772,0.06660806698915564,87.44603492404092,16.43397862393254
label_control,20260915,10.0,22,7920.0,5.5,label_B,218,4,195.09670031791725,-2.3787571572652917,90.70686282379032,16.43397862393254
label_control,20260916,10.0,0,0.0,0.0,label_A,100,0,-201.01628,-2.0574890000000003,35.72452967036766,38.0
label_control,20260916,10.0,0,0.0,0.0,label_B,100,0,201.609215,-2.566148,34.79401975909037,38.0
label_control,20260916,10.0,1,360.0,0.25,label_A,104,2,-202.48292698294057,-3.197905478071939,61.24991112275667,21.001503893770128
label_control,20260916,10.0,1,360.0,0.25,label_B,103,1,200.62484030526704,-2.8293003368909315,60.8747418965126,21.001503893770128
label_control,20260916,10.0,2,720.0,0.5,label_A,103,6,-200.34343048417463,-4.249469874625322,62.84242701431935,20.956586072739007
label_control,20260916,10.0,2,720.0,0.5,label_B,108,1,199.6917223846907,-2.5214300484219225,62.29505919356814,20.956586072739007
label_control,20260916,10.0,3,1080.0,0.75,label_A,106,4,-202.0965469511904,-3.601338485769124,64.52222155106807,20.857790597980824
label_control,20260916,10.0,3,1080.0,0.75,label_B,115,2,199.72906347369752,-2.5270963679105174,64.01397914502012,20.857790597980824
label_control,20260916,10.0,4,1440.0,1.0,label_A,110,3,-201.78344233954923,-3.9443019916648243,65.77867618432762,20.50122114436789
label_control,20260916,10.0,4,1440.0,1.0,label_B,120,1,199.9467116128486,-4.200037755014633,66.13470626145173,20.50122114436789
label_control,20260916,10.0,5,1800.0,1.25,label_A,116,1,-200.2801516890632,-4.952982011840345,67.64673006449243,20.264457886668588
label_control,20260916,10.0,5,1800.0,1.25,label_B,128,2,200.6892639699158,-3.4283118218526702,68.6739932490153,20.264457886668588
label_control,20260916,10.0,6,2160.0,1.5,label_A,115,6,-201.58529950572822,-5.437180553550343,69.49948881497843,19.82775861831795
label_control,20260916,10.0,6,2160.0,1.5,label_B,132,5,200.33093540429627,-1.354104617321779,71.46433652991797,19.82775861831795
label_control,20260916,10.0,7,2520.0,1.75,label_A,122,3,-198.62444484536434,-7.083235355921102,70.20981831260079,19.701450555138972
label_control,20260916,10.0,7,2520.0,1.75,label_B,137,2,198.96657118930148,-2.0944249491297144,72.86659766767849,19.701450555138972
label_control,20260916,10.0,8,2880.0,2.0,label_A,127,1,-200.1051471427096,-7.152828717051175,71.27879558133895,19.504211424108757
label_control,20260916,10.0,8,2880.0,2.0,label_B,141,3,198.3054159047909,-0.5325930967990689,74.45217733710425,19.504211424108757
label_control,20260916,10.0,9,3240.0,2.25,label_A,131,0,-199.858012365974,-8.492025757722189,72.08793625463456,19.481884910209704
label_control,20260916,10.0,9,3240.0,2.25,label_B,142,7,199.96666561907963,-2.1681146810583556,75.62764863010985,19.481884910209704
label_control,20260916,10.0,10,3600.0,2.5,label_A,133,5,-199.70455806613575,-9.857819124715704,73.44119286462687,19.141866025324457
label_control,20260916,10.0,10,3600.0,2.5,label_B,152,2,200.73048984947297,-2.0626311312838577,77.04279291091407,19.141866025324457
label_control,20260916,10.0,11,3960.0,2.75,label_A,139,1,-197.92412920825058,-10.711357536495768,73.81946613215801,18.69040049177816
label_control,20260916,10.0,11,3960.0,2.75,label_B,161,2,201.4008877088321,-1.9454132074374355,78.84929540187586,18.69040049177816
label_control,20260916,10.0,12,4320.0,3.0,label_A,147,1,-196.0116337658333,-9.474813388975937,74.96273845906613,18.33659172115586
label_control,20260916,10.0,12,4320.0,3.0,label_B,165,3,201.8488989691234,-2.1872216134890268,79.67210486412962,18.33659172115586
label_control,20260916,10.0,13,4680.0,3.25,label_A,150,8,-197.23730233439994,-7.690398589875325,76.26416190109414,17.798444586012355
label_control,20260916,10.0,13,4680.0,3.25,label_B,170,2,202.73379109022875,-2.7937223902703088,80.42260309354454,17.798444586012355
label_control,20260916,10.0,14,5040.0,3.5,label_A,153,3,-197.87252072210006,-8.107308163461552,77.39255955253712,18.01635032567899
label_control,20260916,10.0,14,5040.0,3.5,label_B,177,7,201.61654636502408,-3.5311928942707413,82.0789890648157,18.01635032567899
label_control,20260916,10.0,15,5400.0,3.75,label_A,161,4,-200.06521308074016,-6.2777950173320045,78.56400186187744,17.547986851354096
label_control,20260916,10.0,15,5400.0,3.75,label_B,178,4,201.18900789761653,-2.9663861717219526,83.3808526580135,17.547986851354096
label_control,20260916,10.0,16,5760.0,4.0,label_A,167,4,-200.23578199277844,-7.083176192583724,79.59963890321063,17.64146736355273
label_control,20260916,10.0,16,5760.0,4.0,label_B,183,2,200.893157258136,-1.9178896190376136,84.72217423073474,17.64146736355273
label_control,20260916,10.0,17,6120.0,4.25,label_A,174,2,-200.10256850632936,-7.887768106439638,81.40672275887718,17.636917757372135
label_control,20260916,10.0,17,6120.0,4.25,label_B,190,7,200.9743211235014,-2.676238521131507,85.32606943766481,17.636917757372135
label_control,20260916,10.0,18,6480.0,4.5,label_A,185,4,-199.11788860457128,-8.748262039375152,83.51839136883794,16.74774712280319
label_control,20260916,10.0,18,6480.0,4.5,label_B,199,6,199.99611393661607,-4.058558579847084,86.98826214927577,16.74774712280319
label_control,20260916,10.0,19,6840.0,4.75,label_A,192,1,-200.2471047033138,-8.804506388098947,84.66958932083939,16.617401857003873
label_control,20260916,10.0,19,6840.0,4.75,label_B,199,7,200.6800095272486,-5.107985195466576,88.83562496933367,16.617401857003873
label_control,20260916,10.0,20,7200.0,5.0,label_A,198,5,-199.91341459545632,-10.237326115383363,85.85829913512114,16.349635024785538
label_control,20260916,10.0,20,7200.0,5.0,label_B,212,5,200.76238057082963,-5.5032561201970465,90.81641101786062,16.349635024785538
label_control,20260916,10.0,21,7560.0,5.25,label_A,208,4,-198.19931009372823,-10.475143836650782,88.23103569138428,15.95634759978329
label_control,20260916,10.0,21,7560.0,5.25,label_B,222,5,201.2306805287846,-6.999731717606172,92.57716249240299,15.95634759978329
label_control,20260916,10.0,22,7920.0,5.5,label_A,212,5,-198.7428893583948,-10.31149739981592,89.44508536653119,15.60406193708722
label_control,20260916,10.0,22,7920.0,5.5,label_B,228,2,200.93479372765043,-6.984712884563876,93.77426882483228,15.60406193708722
mono_TP53mut,20260907,10.0,0,0.0,0.0,IDHmut_TP53mut,100,0,2.0577039999999998,-4.816306,32.79986457934161,38.0
mono_TP53mut,20260907,10.0,1,360.0,0.25,IDHmut_TP53mut,107,0,3.1267165832317407,-2.9045795302414095,61.9770046690133,21.848850309061085
mono_TP53mut,20260907,10.0,2,720.0,0.5,IDHmut_TP53mut,116,0,4.873869709992236,-3.2358679340476373,64.90659785861958,21.680590083556172
mono_TP53mut,20260907,10.0,3,1080.0,0.75,IDHmut_TP53mut,121,0,4.613779639235538,-1.3711651791169501,67.4721726032684,21.548138834384265
mono_TP53mut,20260907,10.0,4,1440.0,1.0,IDHmut_TP53mut,131,0,3.7852433214183017,-3.0904273249874574,68.87984907250244,20.91533517159381
mono_TP53mut,20260907,10.0,5,1800.0,1.25,IDHmut_TP53mut,139,0,2.830651065487408,-3.6315602904139257,71.40436689592,20.62477858925397
mono_TP53mut,20260907,10.0,6,2160.0,1.5,IDHmut_TP53mut,145,0,2.6826724113393823,-2.822603433781923,73.5176925243846,20.024942751986046
mono_TP53mut,20260907,10.0,7,2520.0,1.75,IDHmut_TP53mut,152,0,2.519079003250765,-2.2738280163931726,74.9651441092993,19.96113598193718
mono_TP53mut,20260907,10.0,8,2880.0,2.0,IDHmut_TP53mut,164,0,3.2857651413733597,-2.1839771706993827,76.89287955437213,19.4304647508272
mono_TP53mut,20260907,10.0,9,3240.0,2.25,IDHmut_TP53mut,173,0,3.4861737212258497,-1.9211425507836237,79.47216036853946,18.870127185413306
mono_TP53mut,20260907,10.0,10,3600.0,2.5,IDHmut_TP53mut,178,0,1.7499306305934046,-2.4820367071576444,81.62364216353704,18.607369943848663
mono_TP53mut,20260907,10.0,11,3960.0,2.75,IDHmut_TP53mut,186,1,2.162844648204358,-4.161984874086061,82.93557905055359,18.543770001963395
mono_TP53mut,20260907,10.0,12,4320.0,3.0,IDHmut_TP53mut,194,0,2.1181060829894975,-4.459399394845671,84.96567637868642,18.25702805756922
mono_TP53mut,20260907,10.0,13,4680.0,3.25,IDHmut_TP53mut,204,0,0.2875602249874333,-4.575811495697049,86.91145978203517,17.90803330408181
mono_TP53mut,20260907,10.0,14,5040.0,3.5,IDHmut_TP53mut,220,0,0.5360131934209231,-1.681740995429,89.58588776436186,17.36607212591077
mono_TP53mut,20260907,10.0,15,5400.0,3.75,IDHmut_TP53mut,229,0,1.1582796474428605,-2.840826274876376,91.63468735399317,16.994335214695415
mono_TP53mut,20260907,10.0,16,5760.0,4.0,IDHmut_TP53mut,241,1,0.8761317520940977,-1.4277489936227303,93.94882423697713,16.68798616644614
mono_TP53mut,20260907,10.0,17,6120.0,4.25,IDHmut_TP53mut,252,2,0.878655282967607,0.16442134968263175,96.09667091189023,16.40220403421136
mono_TP53mut,20260907,10.0,18,6480.0,4.5,IDHmut_TP53mut,274,2,0.23586931740248596,-0.19728451094736674,98.91476230628002,16.155879975392796
mono_TP53mut,20260907,10.0,19,6840.0,4.75,IDHmut_TP53mut,284,1,1.5041235121481666,0.9213027413802867,101.49597490866918,15.567319215018097
mono_TP53mut,20260907,10.0,20,7200.0,5.0,IDHmut_TP53mut,295,2,-0.06879958239767626,1.335286847037683,103.3796333490236,15.49244922532399
mono_TP53mut,20260907,10.0,21,7560.0,5.25,IDHmut_TP53mut,313,0,-0.4799844974449746,1.1474320002680194,105.91009544636864,15.112741598110283
mono_TP53mut,20260907,10.0,22,7920.0,5.5,IDHmut_TP53mut,337,0,-0.9967536119131147,1.3497996501162086,108.86792035092219,14.825207631542325
mono_TP53mut,20260908,10.0,0,0.0,0.0,IDHmut_TP53mut,100,0,0.975741,6.09182,33.39497368685921,38.0
mono_TP53mut,20260908,10.0,1,360.0,0.25,IDHmut_TP53mut,103,0,2.5585430264596383,5.706151433867141,60.935351492526806,21.931152165694627
mono_TP53mut,20260908,10.0,2,720.0,0.5,IDHmut_TP53mut,109,0,0.4946784512311756,6.546705880608503,62.98619759887655,21.727316049749682
mono_TP53mut,20260908,10.0,3,1080.0,0.75,IDHmut_TP53mut,109,1,1.1953007867143368,6.091422552231566,63.00912347363291,21.564430600491605
mono_TP53mut,20260908,10.0,4,1440.0,1.0,IDHmut_TP53mut,116,1,0.20273287284473274,8.388053154293647,65.80091801112351,21.418683163052396
mono_TP53mut,20260908,10.0,5,1800.0,1.25,IDHmut_TP53mut,123,1,1.0083178034463072,8.49496693269345,68.04313491105714,21.044310944679076
mono_TP53mut,20260908,10.0,6,2160.0,1.5,IDHmut_TP53mut,134,0,1.0548908498789407,10.932506595186883,70.48657937011563,20.630827640311058
mono_TP53mut,20260908,10.0,7,2520.0,1.75,IDHmut_TP53mut,142,0,1.3048604009524363,10.310598217611789,72.21671420237165,20.19422712580668
mono_TP53mut,20260908,10.0,8,2880.0,2.0,IDHmut_TP53mut,148,1,-0.12318460508832092,9.894752981521531,74.41598411074915,20.060089866909397
mono_TP53mut,20260908,10.0,9,3240.0,2.25,IDHmut_TP53mut,154,1,-0.5613040111815455,10.652126073708546,76.35306182851659,19.728413882410873
mono_TP53mut,20260908,10.0,10,3600.0,2.5,IDHmut_TP53mut,162,0,-1.05009300691878,11.285505390937939,77.65961159371317,19.636902955729425
mono_TP53mut,20260908,10.0,11,3960.0,2.75,IDHmut_TP53mut,172,0,-0.7722193014266505,10.867609445328277,79.57874729756568,19.420119814882497
mono_TP53mut,20260908,10.0,12,4320.0,3.0,IDHmut_TP53mut,186,0,1.0536761155253456,11.073434747582484,81.81520204780621,18.87779551861384
mono_TP53mut,20260908,10.0,13,4680.0,3.25,IDHmut_TP53mut,197,1,1.3155389776288533,11.252510946435489,84.51221069674291,18.316755848857394
mono_TP53mut,20260908,10.0,14,5040.0,3.5,IDHmut_TP53mut,207,0,2.6285269129112834,12.073767410489689,87.39390024285095,17.851336765518415
mono_TP53mut,20260908,10.0,15,5400.0,3.75,IDHmut_TP53mut,217,2,3.3369674246251386,10.77990691524623,89.58784329553087,17.550246060371
mono_TP53mut,20260908,10.0,16,5760.0,4.0,IDHmut_TP53mut,232,2,2.0844136615208484,8.948979174435369,92.53680431839344,17.009386066037273
mono_TP53mut,20260908,10.0,17,6120.0,4.25,IDHmut_TP53mut,240,1,1.9590058619306059,9.689787007106991,95.33034191079211,16.697342137787906
mono_TP53mut,20260908,10.0,18,6480.0,4.5,IDHmut_TP53mut,252,1,2.3477888777534863,10.955136934018656,97.53834392184231,16.338793985200414
mono_TP53mut,20260908,10.0,19,6840.0,4.75,IDHmut_TP53mut,265,0,3.1577052687504494,11.08475327968849,99.22508157246214,15.949201006279921
mono_TP53mut,20260908,10.0,20,7200.0,5.0,IDHmut_TP53mut,274,0,3.362015171209708,10.760903930327435,101.05770785596424,15.640337951177472
mono_TP53mut,20260908,10.0,21,7560.0,5.25,IDHmut_TP53mut,287,0,2.7732518090243126,11.692988541094813,102.90405734052365,15.405264556941148
mono_TP53mut,20260908,10.0,22,7920.0,5.5,IDHmut_TP53mut,305,0,1.8799056289187142,12.328807767465854,105.07625529831107,15.544907580708351
mono_TP53mut,20260909,10.0,0,0.0,0.0,IDHmut_TP53mut,100,0,-2.181078999999999,0.542454,33.16974900151256,38.0
mono_TP53mut,20260909,10.0,1,360.0,0.25,IDHmut_TP53mut,108,0,-0.7794372281209244,-0.6314913968467593,61.67029468759637,21.75650784931464
mono_TP53mut,20260909,10.0,2,720.0,0.5,IDHmut_TP53mut,115,0,-1.6693347890085612,-0.2419904622591585,64.08266193587795,20.938511582155378
mono_TP53mut,20260909,10.0,3,1080.0,0.75,IDHmut_TP53mut,121,0,-2.5617178662384696,-1.5437151343549542,66.1151681719768,21.093567292135383
mono_TP53mut,20260909,10.0,4,1440.0,1.0,IDHmut_TP53mut,127,0,-1.0958026881314111,-1.8467414906415667,68.12155123388943,20.961971019122842
mono_TP53mut,20260909,10.0,5,1800.0,1.25,IDHmut_TP53mut,132,1,-2.6277350235822032,0.1429268134774449,69.91241395555744,20.605034804524077
mono_TP53mut,20260909,10.0,6,2160.0,1.5,IDHmut_TP53mut,134,2,-2.810194570267799,-0.6536575592584879,71.17795423567425,20.432395783076842
mono_TP53mut,20260909,10.0,7,2520.0,1.75,IDHmut_TP53mut,137,0,-2.2907255777527773,-0.3833102084653638,72.24220061730222,20.23729964800646
mono_TP53mut,20260909,10.0,8,2880.0,2.0,IDHmut_TP53mut,144,0,-3.9493717540806617,0.8865704617100767,73.33729818099643,20.243780922565836
mono_TP53mut,20260909,10.0,9,3240.0,2.25,IDHmut_TP53mut,146,2,-4.235605094461628,1.7770374366416868,75.0459132606395,20.127261055425773
mono_TP53mut,20260909,10.0,10,3600.0,2.5,IDHmut_TP53mut,157,1,-4.574323187382836,1.1112954925473222,76.13598817230246,19.733864036045862
mono_TP53mut,20260909,10.0,11,3960.0,2.75,IDHmut_TP53mut,165,0,-4.650496489166533,0.4120663596892673,77.69371019108267,19.17595197297589
mono_TP53mut,20260909,10.0,12,4320.0,3.0,IDHmut_TP53mut,174,0,-3.039486598050211,-0.9780153358195751,80.9706284496246,18.79466828474285
mono_TP53mut,20260909,10.0,13,4680.0,3.25,IDHmut_TP53mut,183,1,-1.0094077576493907,0.02333752452234511,83.17748407795177,18.516237748333154
mono_TP53mut,20260909,10.0,14,5040.0,3.5,IDHmut_TP53mut,189,1,-1.4860178288850285,-0.551049217206896,84.84212921272523,18.218732540801305
mono_TP53mut,20260909,10.0,15,5400.0,3.75,IDHmut_TP53mut,202,1,-3.650898505438685,-1.0772470041247901,86.53924206186358,17.469492690523033
mono_TP53mut,20260909,10.0,16,5760.0,4.0,IDHmut_TP53mut,216,0,-3.2193073982416496,-1.5879960879964132,88.36439157117977,17.592012742290564
mono_TP53mut,20260909,10.0,17,6120.0,4.25,IDHmut_TP53mut,225,0,-2.9349836346336673,-1.872818008882473,90.69021981481498,17.184114400602713
mono_TP53mut,20260909,10.0,18,6480.0,4.5,IDHmut_TP53mut,240,0,-3.605303413689837,-2.1147018418742727,92.66857257311813,16.96455184701333
mono_TP53mut,20260909,10.0,19,6840.0,4.75,IDHmut_TP53mut,251,0,-4.367660555390686,-2.3963595045319357,94.9896117709301,16.59364694085343
mono_TP53mut,20260909,10.0,20,7200.0,5.0,IDHmut_TP53mut,258,0,-4.312832631009613,-2.2494053048955873,97.14014514359113,16.31038908318029
mono_TP53mut,20260909,10.0,21,7560.0,5.25,IDHmut_TP53mut,273,0,-3.7928679072462326,-4.236019822977997,99.45292435244743,16.017191537491836
mono_TP53mut,20260909,10.0,22,7920.0,5.5,IDHmut_TP53mut,282,1,-5.436407520925151,-3.5090193336992246,101.47107182930279,15.733342286517162
mono_TP53mut,20260910,10.0,0,0.0,0.0,IDHmut_TP53mut,100,0,0.8678950000000003,-2.508281,35.333315797448364,38.0
mono_TP53mut,20260910,10.0,1,360.0,0.25,IDHmut_TP53mut,108,0,3.058035380263285,-2.3054313170362373,61.526055235419044,22.029162537464202
mono_TP53mut,20260910,10.0,2,720.0,0.5,IDHmut_TP53mut,114,0,3.783967439585288,-1.6081115789461933,64.50178715022773,21.6199396373275
mono_TP53mut,20260910,10.0,3,1080.0,0.75,IDHmut_TP53mut,118,0,4.872279921097704,-2.4983946592414825,66.03098340295652,21.60227375692014
mono_TP53mut,20260910,10.0,4,1440.0,1.0,IDHmut_TP53mut,124,0,3.0780027034620807,-0.8082539513356258,67.69676058048762,21.019510275807754
mono_TP53mut,20260910,10.0,5,1800.0,1.25,IDHmut_TP53mut,130,0,2.8401634012425565,-0.5972057343334628,69.70392961873597,20.71945832051306
mono_TP53mut,20260910,10.0,6,2160.0,1.5,IDHmut_TP53mut,138,0,2.44274821143992,-0.40185618969151965,71.44104365400557,21.004015718948658
mono_TP53mut,20260910,10.0,7,2520.0,1.75,IDHmut_TP53mut,146,0,2.167527514975556,0.2568976256544666,73.78044866619558,19.96857424243582
mono_TP53mut,20260910,10.0,8,2880.0,2.0,IDHmut_TP53mut,154,0,2.8053507090677305,1.0670120795289502,74.90607130531514,19.637169542295382
mono_TP53mut,20260910,10.0,9,3240.0,2.25,IDHmut_TP53mut,165,1,3.3942309752667383,0.11970344139052404,76.64971275084642,19.25156993287716
mono_TP53mut,20260910,10.0,10,3600.0,2.5,IDHmut_TP53mut,173,0,5.3813944301239305,-1.074211555411436,79.2595951487095,18.81825020048621
mono_TP53mut,20260910,10.0,11,3960.0,2.75,IDHmut_TP53mut,180,0,5.987788087288103,-0.6320129620363313,80.89426210062385,18.54784608099627
mono_TP53mut,20260910,10.0,12,4320.0,3.0,IDHmut_TP53mut,185,1,5.2853086928191875,0.2361507413819002,82.83419184964822,18.38248140548361
mono_TP53mut,20260910,10.0,13,4680.0,3.25,IDHmut_TP53mut,198,1,7.337870296963384,-0.8736930415462169,85.0997428067882,18.03168147711467
mono_TP53mut,20260910,10.0,14,5040.0,3.5,IDHmut_TP53mut,212,1,9.006172609578227,-2.3093522833392104,87.24739229532854,17.621429835433297
mono_TP53mut,20260910,10.0,15,5400.0,3.75,IDHmut_TP53mut,222,0,10.020246893599323,-3.7466818946525633,89.26835096581247,17.12531595876057
mono_TP53mut,20260910,10.0,16,5760.0,4.0,IDHmut_TP53mut,237,0,9.71421340481105,-1.8147242823889889,92.1814251854688,16.78023584887924
mono_TP53mut,20260910,10.0,17,6120.0,4.25,IDHmut_TP53mut,251,0,9.813018645427565,-2.3576918582850004,94.65236745767102,16.645059458983244
mono_TP53mut,20260910,10.0,18,6480.0,4.5,IDHmut_TP53mut,258,1,9.53890604601483,-2.328030044789754,97.24257584542812,16.19128384866905
mono_TP53mut,20260910,10.0,19,6840.0,4.75,IDHmut_TP53mut,270,1,7.17087403148266,-3.029159559837921,99.75420155432155,15.960075572918463
mono_TP53mut,20260910,10.0,20,7200.0,5.0,IDHmut_TP53mut,286,1,7.419786229346682,-3.9753834789351163,102.6803038886767,15.637804580781658
mono_TP53mut,20260910,10.0,21,7560.0,5.25,IDHmut_TP53mut,303,1,6.4570442302700615,-2.263487181431364,105.16121901937146,15.232554121495673
mono_TP53mut,20260910,10.0,22,7920.0,5.5,IDHmut_TP53mut,323,0,6.684023068857189,-0.22433396263960415,107.57263867240938,14.50537926296972
mono_TP53mut,20260911,10.0,0,0.0,0.0,IDHmut_TP53mut,100,0,-1.7830840000000003,-3.5222959999999994,34.976012304010986,38.0
mono_TP53mut,20260911,10.0,1,360.0,0.25,IDHmut_TP53mut,104,0,-1.394708697700332,-4.282173267521734,60.998868027958466,22.12075243159269
mono_TP53mut,20260911,10.0,2,720.0,0.5,IDHmut_TP53mut,112,0,-2.130987428306828,-3.9960608507587003,63.3908541383656,21.82353613288154
mono_TP53mut,20260911,10.0,3,1080.0,0.75,IDHmut_TP53mut,121,0,-5.220145198630059,-4.287253413569594,66.33235592603403,21.276442861761723
mono_TP53mut,20260911,10.0,4,1440.0,1.0,IDHmut_TP53mut,132,0,-5.181782872065377,-5.376441948301044,69.64221437086677,20.697794212225794
mono_TP53mut,20260911,10.0,5,1800.0,1.25,IDHmut_TP53mut,138,0,-6.1771609843124855,-5.076795121577509,71.01451385122078,20.28706113126815
mono_TP53mut,20260911,10.0,6,2160.0,1.5,IDHmut_TP53mut,141,0,-5.998404668768772,-4.798493517186782,71.89978987298001,20.33487530985972
mono_TP53mut,20260911,10.0,7,2520.0,1.75,IDHmut_TP53mut,147,0,-6.9169818835818395,-4.3822972531547295,73.71190532509065,20.120443740872275
mono_TP53mut,20260911,10.0,8,2880.0,2.0,IDHmut_TP53mut,151,1,-7.655498035777382,-4.052570018323236,75.137977111978,19.704859087209552
mono_TP53mut,20260911,10.0,9,3240.0,2.25,IDHmut_TP53mut,158,1,-6.166103983453989,-4.9592783222938275,76.97126079137638,19.43476180057732
mono_TP53mut,20260911,10.0,10,3600.0,2.5,IDHmut_TP53mut,164,1,-4.800006478571223,-5.750754990049487,78.47837032417213,19.490313339827352
mono_TP53mut,20260911,10.0,11,3960.0,2.75,IDHmut_TP53mut,174,0,-5.148368936759284,-7.011126164888413,80.48175941039327,18.93553745463939
mono_TP53mut,20260911,10.0,12,4320.0,3.0,IDHmut_TP53mut,183,0,-4.509791340503622,-6.528118323995928,82.33769653376388,18.426682400215086
mono_TP53mut,20260911,10.0,13,4680.0,3.25,IDHmut_TP53mut,196,0,-3.349863360390592,-5.881264004382182,84.06420170351134,18.17432161085412
mono_TP53mut,20260911,10.0,14,5040.0,3.5,IDHmut_TP53mut,206,2,-4.492861376558483,-6.807657797286679,85.95382164791701,17.972669709888926
mono_TP53mut,20260911,10.0,15,5400.0,3.75,IDHmut_TP53mut,207,2,-4.49549075094287,-6.757235373381086,88.13589023500522,17.58760955562956
mono_TP53mut,20260911,10.0,16,5760.0,4.0,IDHmut_TP53mut,214,2,-3.794998144247643,-6.328165754996743,89.63950318269923,17.423205647981845
mono_TP53mut,20260911,10.0,17,6120.0,4.25,IDHmut_TP53mut,232,1,-4.238981850591933,-7.585045354232014,92.16493667394147,17.087412069921367
mono_TP53mut,20260911,10.0,18,6480.0,4.5,IDHmut_TP53mut,243,0,-3.6303554344150037,-6.899643689318313,94.42421468853438,16.66520275968223
mono_TP53mut,20260911,10.0,19,6840.0,4.75,IDHmut_TP53mut,253,1,-1.7194901670598581,-5.908763404874527,96.16242542063902,16.390661635961816
mono_TP53mut,20260911,10.0,20,7200.0,5.0,IDHmut_TP53mut,266,1,-1.083832487693625,-6.124026204722838,97.80417043763592,16.30061685589659
mono_TP53mut,20260911,10.0,21,7560.0,5.25,IDHmut_TP53mut,275,1,0.38012394904372,-8.20995945989025,100.01471318268234,15.437640944669614
mono_TP53mut,20260911,10.0,22,7920.0,5.5,IDHmut_TP53mut,285,2,-0.6585330896304512,-9.310082944598108,101.64867138901342,15.385554633265201
mono_TP53mut,20260912,10.0,0,0.0,0.0,IDHmut_TP53mut,100,0,5.087858000000001,1.9674079999999996,34.501635210287816,38.0
mono_TP53mut,20260912,10.0,1,360.0,0.25,IDHmut_TP53mut,100,1,5.1389737741121575,2.062224679915099,60.6980851072497,22.171990034458823
mono_TP53mut,20260912,10.0,2,720.0,0.5,IDHmut_TP53mut,105,0,6.395440616011454,1.2809343115296923,62.462056685149165,22.101898867179248
mono_TP53mut,20260912,10.0,3,1080.0,0.75,IDHmut_TP53mut,113,0,5.806490701199999,-0.6406055259702783,64.20581899649895,21.917523154271855
mono_TP53mut,20260912,10.0,4,1440.0,1.0,IDHmut_TP53mut,119,0,5.3067727097900805,-0.9659594595347316,66.73215071776077,21.600763592725702
mono_TP53mut,20260912,10.0,5,1800.0,1.25,IDHmut_TP53mut,127,0,5.315303570276287,-0.6902586519344047,69.22844277431717,21.245015276197858
mono_TP53mut,20260912,10.0,6,2160.0,1.5,IDHmut_TP53mut,134,1,6.0136700349761885,-0.13493386610762495,71.50497723170943,21.072403119036707
mono_TP53mut,20260912,10.0,7,2520.0,1.75,IDHmut_TP53mut,141,1,6.278424683595054,-0.38316386187526,73.24022615593718,20.15838714361956
mono_TP53mut,20260912,10.0,8,2880.0,2.0,IDHmut_TP53mut,147,0,5.523546341502304,0.09559963182945595,74.8167505753282,20.421279941859
mono_TP53mut,20260912,10.0,9,3240.0,2.25,IDHmut_TP53mut,157,1,7.351315318759378,-0.3276426695913748,77.35978888501477,20.15767463185231
mono_TP53mut,20260912,10.0,10,3600.0,2.5,IDHmut_TP53mut,166,1,5.814176057213572,-0.7171019193251431,79.16634946782295,19.212183757316506
mono_TP53mut,20260912,10.0,11,3960.0,2.75,IDHmut_TP53mut,180,2,7.977730319650514,-0.3153055534297901,81.01696052682004,19.37996948883143
mono_TP53mut,20260912,10.0,12,4320.0,3.0,IDHmut_TP53mut,189,2,8.364847977298487,-0.949947777333011,83.19720832185911,18.284830752111535
mono_TP53mut,20260912,10.0,13,4680.0,3.25,IDHmut_TP53mut,201,0,6.9237971076367195,-2.4107892940072913,85.42834525257013,18.13560198379768
mono_TP53mut,20260912,10.0,14,5040.0,3.5,IDHmut_TP53mut,215,0,6.28292501538055,-2.2207792861344746,88.0742693046883,17.583327930835246
mono_TP53mut,20260912,10.0,15,5400.0,3.75,IDHmut_TP53mut,222,1,6.11268250030859,-1.5701266467555175,89.56310797033153,17.236304892020733
mono_TP53mut,20260912,10.0,16,5760.0,4.0,IDHmut_TP53mut,238,0,5.010022438255446,0.04936038346680684,92.67859441546203,16.71012705025661
mono_TP53mut,20260912,10.0,17,6120.0,4.25,IDHmut_TP53mut,252,2,7.328633360292472,0.15261078764185215,95.42963696050843,16.436049996705833
mono_TP53mut,20260912,10.0,18,6480.0,4.5,IDHmut_TP53mut,268,1,6.724849589943503,0.26299089822721133,97.83202968053243,15.886909815708869
mono_TP53mut,20260912,10.0,19,6840.0,4.75,IDHmut_TP53mut,283,0,6.4556381990180185,1.1988384582923883,100.75003683086221,15.508975618685692
mono_TP53mut,20260912,10.0,20,7200.0,5.0,IDHmut_TP53mut,294,0,7.012794510131277,1.4355645755307456,103.01209227043955,15.180723428282493
mono_TP53mut,20260912,10.0,21,7560.0,5.25,IDHmut_TP53mut,316,0,7.9788609042329215,1.2547294686838402,105.59973230668882,14.822851336629396
mono_TP53mut,20260912,10.0,22,7920.0,5.5,IDHmut_TP53mut,331,1,7.535841152818313,0.015603734241708642,108.6586522824125,14.453135257870644
mono_TP53mut,20260913,10.0,0,0.0,0.0,IDHmut_TP53mut,100,0,1.9458390000000005,-0.5386430000000003,34.1769811791479,38.0
mono_TP53mut,20260913,10.0,1,360.0,0.25,IDHmut_TP53mut,107,1,2.855377488629329,-1.3530206033220518,61.198262912870014,22.07351005998579
mono_TP53mut,20260913,10.0,2,720.0,0.5,IDHmut_TP53mut,114,0,2.88411955231941,-1.1166940977001503,63.804477588268334,21.952729213303776
mono_TP53mut,20260913,10.0,3,1080.0,0.75,IDHmut_TP53mut,122,0,1.2893768631450149,-0.18286929138894198,65.62397151329264,21.3744881987148
mono_TP53mut,20260913,10.0,4,1440.0,1.0,IDHmut_TP53mut,128,1,1.7207489633662862,-1.4916719285408742,68.86662973400267,21.093738730769118
mono_TP53mut,20260913,10.0,5,1800.0,1.25,IDHmut_TP53mut,136,0,1.372338223092103,-1.534990711606868,70.33962898908229,20.708866740876815
mono_TP53mut,20260913,10.0,6,2160.0,1.5,IDHmut_TP53mut,142,0,2.3718368449805447,-1.2958942702575658,72.05829839479728,20.334397611060805
mono_TP53mut,20260913,10.0,7,2520.0,1.75,IDHmut_TP53mut,151,0,3.788025847433741,-2.1267750514512898,73.54147455693389,20.0479834949162
mono_TP53mut,20260913,10.0,8,2880.0,2.0,IDHmut_TP53mut,162,0,5.399795575155806,-1.8861157441646217,76.12398200848519,19.654213971828675
mono_TP53mut,20260913,10.0,9,3240.0,2.25,IDHmut_TP53mut,173,0,5.9690818818214995,-0.5495043475040915,79.28895517113074,18.871850393444756
mono_TP53mut,20260913,10.0,10,3600.0,2.5,IDHmut_TP53mut,178,3,5.384068081030906,-0.6184287364204754,80.78884970856957,18.623447769653385
mono_TP53mut,20260913,10.0,11,3960.0,2.75,IDHmut_TP53mut,186,2,6.9061155489095984,-0.9030671222069095,82.54873559608563,18.357197730899287
mono_TP53mut,20260913,10.0,12,4320.0,3.0,IDHmut_TP53mut,194,0,6.237263183772099,-0.8830030076523585,84.62285452355461,18.055711949655745
mono_TP53mut,20260913,10.0,13,4680.0,3.25,IDHmut_TP53mut,208,0,3.777625726973755,-0.7383868864813076,87.72888884882168,17.67408070526282
mono_TP53mut,20260913,10.0,14,5040.0,3.5,IDHmut_TP53mut,221,0,1.5867026077919382,-0.6580389844033991,89.58243085329535,17.476384449385392
mono_TP53mut,20260913,10.0,15,5400.0,3.75,IDHmut_TP53mut,234,2,2.087811363467134,-1.0174275762623266,92.31075765728542,16.868308518128185
mono_TP53mut,20260913,10.0,16,5760.0,4.0,IDHmut_TP53mut,258,1,0.7401045856843124,0.13044902548998502,95.08539851395614,16.72954577430494
mono_TP53mut,20260913,10.0,17,6120.0,4.25,IDHmut_TP53mut,263,1,0.9245773831139892,0.17841137161809575,98.02380896862515,15.952497491541921
mono_TP53mut,20260913,10.0,18,6480.0,4.5,IDHmut_TP53mut,278,1,-1.8241012339950036,1.7033759322050015,99.86263006108852,15.602869273932932
mono_TP53mut,20260913,10.0,19,6840.0,4.75,IDHmut_TP53mut,293,1,-0.5098567639245676,1.7963657673327391,102.30458571880277,15.321349307872088
mono_TP53mut,20260913,10.0,20,7200.0,5.0,IDHmut_TP53mut,304,3,0.4381363957086318,0.956223852425599,104.77233845802519,15.041855001262432
mono_TP53mut,20260913,10.0,21,7560.0,5.25,IDHmut_TP53mut,320,2,1.1502794318995009,0.3148618672588867,107.28319691700833,14.330026065512069
mono_TP53mut,20260913,10.0,22,7920.0,5.5,IDHmut_TP53mut,338,2,-0.43423671368114386,1.7071842171463791,109.95002462471594,14.362651646777724
mono_TP53mut,20260914,10.0,0,0.0,0.0,IDHmut_TP53mut,100,0,-1.705080000000001,-1.41421,34.64555327301182,38.0
mono_TP53mut,20260914,10.0,1,360.0,0.25,IDHmut_TP53mut,104,0,-2.7499810957970814,-2.265094943255996,60.85994289359314,21.859499575785684
mono_TP53mut,20260914,10.0,2,720.0,0.5,IDHmut_TP53mut,112,0,-3.7425099008309033,-2.956342415534764,64.0827573940073,21.583414363664097
mono_TP53mut,20260914,10.0,3,1080.0,0.75,IDHmut_TP53mut,119,0,-5.23713256420437,-3.279383336571918,66.11461201617651,21.200240638522633
mono_TP53mut,20260914,10.0,4,1440.0,1.0,IDHmut_TP53mut,130,0,-6.860788527461715,-1.1205924258086801,68.8603843650109,21.01705570059375
mono_TP53mut,20260914,10.0,5,1800.0,1.25,IDHmut_TP53mut,132,2,-7.267545807407619,-1.1867245369710073,70.74968087944227,20.535331181841485
mono_TP53mut,20260914,10.0,6,2160.0,1.5,IDHmut_TP53mut,139,1,-6.8129767839820765,-2.960036223211368,71.99831478238292,20.42385551240492
mono_TP53mut,20260914,10.0,7,2520.0,1.75,IDHmut_TP53mut,150,0,-5.040816444733743,-2.7680923512734754,74.05044031846599,20.007025163066924
mono_TP53mut,20260914,10.0,8,2880.0,2.0,IDHmut_TP53mut,158,0,-4.516182922631052,-3.9669892519582284,76.19384993314289,19.601558188591607
mono_TP53mut,20260914,10.0,9,3240.0,2.25,IDHmut_TP53mut,161,1,-4.372542080992104,-4.220530646856585,77.55341010470013,19.876802247609223
mono_TP53mut,20260914,10.0,10,3600.0,2.5,IDHmut_TP53mut,168,2,-4.975238084891525,-2.547692343093425,78.98345619429692,19.45547327700973
mono_TP53mut,20260914,10.0,11,3960.0,2.75,IDHmut_TP53mut,181,1,-4.4296194573504595,-4.232103736673607,80.9008916364807,18.745889543636554
mono_TP53mut,20260914,10.0,12,4320.0,3.0,IDHmut_TP53mut,186,0,-4.769483799460684,-4.335943192196017,83.26913704734592,18.305018922290387
mono_TP53mut,20260914,10.0,13,4680.0,3.25,IDHmut_TP53mut,192,0,-4.3636324773605395,-5.06536383968425,84.41226265890423,18.064333898437496
mono_TP53mut,20260914,10.0,14,5040.0,3.5,IDHmut_TP53mut,202,0,-2.625139923419927,-5.916260457323733,86.68517049077235,17.86834647471175
mono_TP53mut,20260914,10.0,15,5400.0,3.75,IDHmut_TP53mut,211,1,-2.8887013457280344,-6.346488512198909,88.5752035399441,17.5717348070715
mono_TP53mut,20260914,10.0,16,5760.0,4.0,IDHmut_TP53mut,221,2,-2.904416598283856,-5.52365889390782,90.52053076799294,17.519911344581555
mono_TP53mut,20260914,10.0,17,6120.0,4.25,IDHmut_TP53mut,236,0,-3.101898288595239,-5.811730607353956,93.17486216036819,16.89463376173937
mono_TP53mut,20260914,10.0,18,6480.0,4.5,IDHmut_TP53mut,246,1,-3.795267513165973,-6.01628994688134,95.0570953278827,16.56899131342396
mono_TP53mut,20260914,10.0,19,6840.0,4.75,IDHmut_TP53mut,255,1,-4.8306034502346025,-4.912029048075378,97.29865803082855,16.247174065213347
mono_TP53mut,20260914,10.0,20,7200.0,5.0,IDHmut_TP53mut,273,0,-5.313916796381299,-4.255905010372577,99.75919636898055,15.805696728894912
mono_TP53mut,20260914,10.0,21,7560.0,5.25,IDHmut_TP53mut,289,1,-6.396993019183072,-5.668203275457071,102.05091257028222,15.853303039487201
mono_TP53mut,20260914,10.0,22,7920.0,5.5,IDHmut_TP53mut,304,1,-6.405918891212809,-6.16016646896829,104.51458374054555,15.283665267861371
mono_TP53mut,20260915,10.0,0,0.0,0.0,IDHmut_TP53mut,100,0,-1.561616,1.393884,35.16574942903233,38.0
mono_TP53mut,20260915,10.0,1,360.0,0.25,IDHmut_TP53mut,107,0,-0.31323139633489827,0.8437525646215668,61.90431422030776,21.998060288477124
mono_TP53mut,20260915,10.0,2,720.0,0.5,IDHmut_TP53mut,111,0,-1.39609276115096,0.1986122204782133,63.51357035850934,21.79276984158803
mono_TP53mut,20260915,10.0,3,1080.0,0.75,IDHmut_TP53mut,117,0,-1.9813936509547028,0.2868958182088895,65.25619480021253,21.519275630059603
mono_TP53mut,20260915,10.0,4,1440.0,1.0,IDHmut_TP53mut,119,1,-1.8726436066984071,-0.8458113512022062,66.94584946322237,21.18402135518383
mono_TP53mut,20260915,10.0,5,1800.0,1.25,IDHmut_TP53mut,123,0,-2.4317687127139647,-1.6452903843041304,68.39242468266768,20.970062552515554
mono_TP53mut,20260915,10.0,6,2160.0,1.5,IDHmut_TP53mut,129,1,-1.4510671424237043,-2.5394447257979205,69.21054076434868,20.727807958228453
mono_TP53mut,20260915,10.0,7,2520.0,1.75,IDHmut_TP53mut,133,0,-0.7981715378815066,-3.436982839046485,70.4545408892911,20.40852446863467
mono_TP53mut,20260915,10.0,8,2880.0,2.0,IDHmut_TP53mut,137,0,-0.2419404710916302,-2.5689290459742877,71.90117158752494,20.23748524484602
mono_TP53mut,20260915,10.0,9,3240.0,2.25,IDHmut_TP53mut,141,0,-0.10883853341682281,-2.186309961082462,73.0325506643739,20.063072258755128
mono_TP53mut,20260915,10.0,10,3600.0,2.5,IDHmut_TP53mut,146,0,-0.39338814091532104,-0.7614737369665009,74.94631939698249,19.831975548406717
mono_TP53mut,20260915,10.0,11,3960.0,2.75,IDHmut_TP53mut,159,1,-1.9475140652552287,-3.045653564041729,77.54324410492556,19.606868308591327
mono_TP53mut,20260915,10.0,12,4320.0,3.0,IDHmut_TP53mut,168,0,-0.9967182688756567,-3.1808163630973203,79.4460704729416,19.069669656824605
mono_TP53mut,20260915,10.0,13,4680.0,3.25,IDHmut_TP53mut,179,0,0.10596529970538437,-5.335877229524063,82.56940927101168,18.768347143439843
mono_TP53mut,20260915,10.0,14,5040.0,3.5,IDHmut_TP53mut,189,0,-0.5519031249266257,-5.380038583371783,84.29338771724981,18.399160431279522
mono_TP53mut,20260915,10.0,15,5400.0,3.75,IDHmut_TP53mut,199,0,-1.4056955840978844,-6.138750597390181,86.10189662349337,18.246404091226072
mono_TP53mut,20260915,10.0,16,5760.0,4.0,IDHmut_TP53mut,204,3,-1.1666242411683507,-5.556640827900816,88.25475350821715,17.877067876961185
mono_TP53mut,20260915,10.0,17,6120.0,4.25,IDHmut_TP53mut,214,2,-2.333649796699018,-6.8571506434441885,90.22395430260438,17.456381412745856
mono_TP53mut,20260915,10.0,18,6480.0,4.5,IDHmut_TP53mut,228,0,-0.9902065399847807,-8.514769846741459,91.97007302582105,17.223818019369016
mono_TP53mut,20260915,10.0,19,6840.0,4.75,IDHmut_TP53mut,243,0,-0.43559611056606035,-8.687953527762646,94.00848349773695,16.700365156104244
mono_TP53mut,20260915,10.0,20,7200.0,5.0,IDHmut_TP53mut,257,0,-1.780362121979875,-8.870155159863133,95.88583429130442,16.158930063910166
mono_TP53mut,20260915,10.0,21,7560.0,5.25,IDHmut_TP53mut,265,0,-2.302074322620107,-8.812823162233792,98.48072839665777,16.188476323428322
mono_TP53mut,20260915,10.0,22,7920.0,5.5,IDHmut_TP53mut,273,0,-2.8690796237574974,-8.960296962247838,100.55881765435986,15.737453075174425
mono_TP53mut,20260916,10.0,0,0.0,0.0,IDHmut_TP53mut,100,0,-1.0162800000000005,-2.0574890000000003,35.72452967036766,38.0
mono_TP53mut,20260916,10.0,1,360.0,0.25,IDHmut_TP53mut,110,0,-0.5658772716702662,-0.02012210670458914,62.87285852048547,21.71633510607372
mono_TP53mut,20260916,10.0,2,720.0,0.5,IDHmut_TP53mut,116,0,-0.4616611663441273,-2.407324102615411,65.56885215834262,21.417991958853474
mono_TP53mut,20260916,10.0,3,1080.0,0.75,IDHmut_TP53mut,125,0,-0.7774374242854172,-3.6197513385344986,68.1522828121702,21.004980535001128
mono_TP53mut,20260916,10.0,4,1440.0,1.0,IDHmut_TP53mut,132,0,-0.6070170413620019,-3.7694002290935464,69.99482003808997,20.68773553382233
mono_TP53mut,20260916,10.0,5,1800.0,1.25,IDHmut_TP53mut,136,0,-0.09876951463026148,-3.7536410194623615,71.23862389402048,20.66489548700622
mono_TP53mut,20260916,10.0,6,2160.0,1.5,IDHmut_TP53mut,140,0,0.5224253822368968,-3.850191891164197,72.67269960498655,20.429258133714274
mono_TP53mut,20260916,10.0,7,2520.0,1.75,IDHmut_TP53mut,154,0,1.3053540276494,-3.1651133599681196,75.13127380508547,19.990954072467748
mono_TP53mut,20260916,10.0,8,2880.0,2.0,IDHmut_TP53mut,160,1,1.3619190184503978,-1.834091519871024,77.30650642312874,19.611565014950386
mono_TP53mut,20260916,10.0,9,3240.0,2.25,IDHmut_TP53mut,172,0,0.7250371744415858,-2.3537096136806483,79.0216667015001,19.28710929525175
mono_TP53mut,20260916,10.0,10,3600.0,2.5,IDHmut_TP53mut,181,0,0.005760286781571219,-3.8712542431275234,81.80085635372892,18.581907805373895
mono_TP53mut,20260916,10.0,11,3960.0,2.75,IDHmut_TP53mut,190,0,0.23409713315595312,-1.8339401284725239,83.14648626899799,18.224582420406392
mono_TP53mut,20260916,10.0,12,4320.0,3.0,IDHmut_TP53mut,203,1,0.07491395001148476,-4.019618107735312,85.74362152498344,17.834173285177695
mono_TP53mut,20260916,10.0,13,4680.0,3.25,IDHmut_TP53mut,210,2,-1.4514859614465763,-2.302330529404065,87.90592157826997,17.284372455559296
mono_TP53mut,20260916,10.0,14,5040.0,3.5,IDHmut_TP53mut,217,1,-0.6319544000915871,-2.6571440032029545,89.40050125353505,17.28874746317697
mono_TP53mut,20260916,10.0,15,5400.0,3.75,IDHmut_TP53mut,234,1,1.0738437769607216,-3.1975470273851156,91.13658240665362,17.111648882007277
mono_TP53mut,20260916,10.0,16,5760.0,4.0,IDHmut_TP53mut,247,2,1.0170722071431793,-4.334753754345609,94.214442697943,16.545738445272637
mono_TP53mut,20260916,10.0,17,6120.0,4.25,IDHmut_TP53mut,256,0,0.8191582477483559,-3.611642720942993,96.67407370244389,16.13789316184918
mono_TP53mut,20260916,10.0,18,6480.0,4.5,IDHmut_TP53mut,272,0,1.2786685588608908,-3.8592382081680996,98.65314141249958,16.064891308549416
mono_TP53mut,20260916,10.0,19,6840.0,4.75,IDHmut_TP53mut,286,0,1.1042294203443228,-3.2594843775213067,100.8853934067748,15.45117880219081
mono_TP53mut,20260916,10.0,20,7200.0,5.0,IDHmut_TP53mut,307,1,-0.4796805385758865,-3.631889136608806,104.11595074260735,14.995718423796157
mono_TP53mut,20260916,10.0,21,7560.0,5.25,IDHmut_TP53mut,317,2,-0.4109431855171703,-3.4187490426619114,106.68660609077855,14.649289071642714
mono_TP53mut,20260916,10.0,22,7920.0,5.5,IDHmut_TP53mut,334,1,-1.640126580475506,-4.507676894395299,109.7621682726225,14.360387214595098
mono_TP53wt,20260907,10.0,0,0.0,0.0,IDHmut_TP53wt,100,0,2.0577039999999998,-4.816306,32.79986457934161,38.0
mono_TP53wt,20260907,10.0,1,360.0,0.25,IDHmut_TP53wt,102,4,-0.35839602430006984,-6.261691777542974,60.49237128741107,22.132099765917967
mono_TP53wt,20260907,10.0,2,720.0,0.5,IDHmut_TP53wt,107,3,-0.10939517790381986,-7.970568993477687,62.500652688890334,22.044214881873064
mono_TP53wt,20260907,10.0,3,1080.0,0.75,IDHmut_TP53wt,111,3,0.5121246192114353,-8.403196488161251,64.65317223858446,21.839930748592828
mono_TP53wt,20260907,10.0,4,1440.0,1.0,IDHmut_TP53wt,112,3,1.810781529965204,-6.881724075405663,65.79525433972805,22.113135079967652
mono_TP53wt,20260907,10.0,5,1800.0,1.25,IDHmut_TP53wt,115,4,1.6579098887410666,-7.187858437150056,66.65986938746236,21.89298201200871
mono_TP53wt,20260907,10.0,6,2160.0,1.5,IDHmut_TP53wt,122,3,1.2897191678772593,-7.154710953518729,67.58076101157803,21.231348614594992
mono_TP53wt,20260907,10.0,7,2520.0,1.75,IDHmut_TP53wt,126,3,1.9086558774333713,-6.456516245670006,69.41550362904307,20.939641961992283
mono_TP53wt,20260907,10.0,8,2880.0,2.0,IDHmut_TP53wt,129,3,1.4241283267302733,-6.645914390508983,71.3623584994631,20.665616016822213
mono_TP53wt,20260907,10.0,9,3240.0,2.25,IDHmut_TP53wt,134,2,2.8208058207673963,-7.860077628000422,73.3808856131136,20.485559453012012
mono_TP53wt,20260907,10.0,10,3600.0,2.5,IDHmut_TP53wt,141,6,4.050117111704679,-6.9534207369643,75.639092297989,20.77786041118646
mono_TP53wt,20260907,10.0,11,3960.0,2.75,IDHmut_TP53wt,147,3,4.891109161311202,-8.650360186510387,77.5115826476925,20.13930406688739
mono_TP53wt,20260907,10.0,12,4320.0,3.0,IDHmut_TP53wt,152,3,4.200881501977233,-10.158760817629316,78.61465848535238,19.85457280377319
mono_TP53wt,20260907,10.0,13,4680.0,3.25,IDHmut_TP53wt,165,5,3.5077124993262134,-10.789581059695342,80.51667833105331,19.378988303180066
mono_TP53wt,20260907,10.0,14,5040.0,3.5,IDHmut_TP53wt,168,7,3.090242535723839,-10.392948007288718,81.70498284470769,19.287265724085923
mono_TP53wt,20260907,10.0,15,5400.0,3.75,IDHmut_TP53wt,176,8,4.943438356459864,-11.939579770611589,82.5596742108606,19.155830956671206
mono_TP53wt,20260907,10.0,16,5760.0,4.0,IDHmut_TP53wt,183,3,6.308061932472486,-12.608418744674976,85.19068324138387,19.08748270767953
mono_TP53wt,20260907,10.0,17,6120.0,4.25,IDHmut_TP53wt,192,7,6.07008353637529,-12.399623359749093,86.62311686726369,18.863973492816665
mono_TP53wt,20260907,10.0,18,6480.0,4.5,IDHmut_TP53wt,205,3,6.541921214825876,-11.203214977407402,88.52481334123655,18.06884729524968
mono_TP53wt,20260907,10.0,19,6840.0,4.75,IDHmut_TP53wt,214,4,8.782599957185601,-12.82904857002522,90.64968137111055,17.660324227789335
mono_TP53wt,20260907,10.0,20,7200.0,5.0,IDHmut_TP53wt,225,5,8.140286948132957,-12.876875160298866,92.59527925969108,17.57793562330314
mono_TP53wt,20260907,10.0,21,7560.0,5.25,IDHmut_TP53wt,238,3,8.1078743873301,-11.313067995727577,94.48052827045136,17.24222440038492
mono_TP53wt,20260907,10.0,22,7920.0,5.5,IDHmut_TP53wt,240,9,8.364276856352728,-11.367301919673684,95.84347223087242,16.92788600449103
mono_TP53wt,20260908,10.0,0,0.0,0.0,IDHmut_TP53wt,100,0,0.975741,6.09182,33.39497368685921,38.0
mono_TP53wt,20260908,10.0,1,360.0,0.25,IDHmut_TP53wt,105,1,1.6212071912687076,6.120166038764541,61.779347186316976,21.948452457080535
mono_TP53wt,20260908,10.0,2,720.0,0.5,IDHmut_TP53wt,103,4,2.328660508995376,5.025604471137102,63.85105251367331,22.32509301010103
mono_TP53wt,20260908,10.0,3,1080.0,0.75,IDHmut_TP53wt,106,3,3.0140473767534575,4.766726159920941,64.69087615038912,22.472298498763124
mono_TP53wt,20260908,10.0,4,1440.0,1.0,IDHmut_TP53wt,107,3,4.2680213795091815,5.769757325199754,65.81807888973397,22.1860408825651
mono_TP53wt,20260908,10.0,5,1800.0,1.25,IDHmut_TP53wt,108,3,2.5237998103450425,6.104460508752965,66.6011159816398,22.073081003114556
mono_TP53wt,20260908,10.0,6,2160.0,1.5,IDHmut_TP53wt,108,3,3.2793554130156903,7.7417877051945485,66.26368622979912,22.053992609690365
mono_TP53wt,20260908,10.0,7,2520.0,1.75,IDHmut_TP53wt,109,3,2.6560056734625803,7.386245778858775,66.07145984192405,21.958619812776107
mono_TP53wt,20260908,10.0,8,2880.0,2.0,IDHmut_TP53wt,112,3,3.768629161062564,8.960858128472447,67.99678263239207,21.875169353714043
mono_TP53wt,20260908,10.0,9,3240.0,2.25,IDHmut_TP53wt,113,2,3.1291770025938765,8.718077652960526,68.20525993545463,21.730694087159545
mono_TP53wt,20260908,10.0,10,3600.0,2.5,IDHmut_TP53wt,115,3,1.6883420800030613,8.854968032757153,67.73736204418017,22.03495703585386
mono_TP53wt,20260908,10.0,11,3960.0,2.75,IDHmut_TP53wt,120,2,1.840625545264743,10.78536916333116,69.9189207891432,21.391362969122376
mono_TP53wt,20260908,10.0,12,4320.0,3.0,IDHmut_TP53wt,125,1,0.9830340478899122,10.242505640636795,70.89768323531499,20.99967919004512
mono_TP53wt,20260908,10.0,13,4680.0,3.25,IDHmut_TP53wt,124,3,1.2326715168829674,11.113821765895825,71.2437080302729,21.04743331440748
mono_TP53wt,20260908,10.0,14,5040.0,3.5,IDHmut_TP53wt,127,6,-0.11220988090119839,9.942271780022368,71.75573585558557,21.101090482601936
mono_TP53wt,20260908,10.0,15,5400.0,3.75,IDHmut_TP53wt,129,3,-0.3918954651663377,10.003947961699943,72.81670640462123,20.82075565947796
mono_TP53wt,20260908,10.0,16,5760.0,4.0,IDHmut_TP53wt,138,2,-1.3230090099812926,8.861597965689853,74.74831582032813,20.48200729963822
mono_TP53wt,20260908,10.0,17,6120.0,4.25,IDHmut_TP53wt,138,6,-0.8840327652621263,9.516123459709682,75.82756342121935,20.62483597978217
mono_TP53wt,20260908,10.0,18,6480.0,4.5,IDHmut_TP53wt,145,4,-1.2656684871845627,8.811514588354116,76.50531048562637,20.432556209301243
mono_TP53wt,20260908,10.0,19,6840.0,4.75,IDHmut_TP53wt,155,2,-1.3407777535456837,9.14635224039798,77.33201544413089,20.32682290490465
mono_TP53wt,20260908,10.0,20,7200.0,5.0,IDHmut_TP53wt,164,2,-2.679751650889849,8.819762052968455,79.57180322093348,19.43335612219185
mono_TP53wt,20260908,10.0,21,7560.0,5.25,IDHmut_TP53wt,165,6,-1.7034616410685637,6.606367522642068,80.4526614031585,19.238238468186132
mono_TP53wt,20260908,10.0,22,7920.0,5.5,IDHmut_TP53wt,170,7,-4.444937038351134,7.218926014169847,82.06264741235081,19.10432210678863
mono_TP53wt,20260909,10.0,0,0.0,0.0,IDHmut_TP53wt,100,0,-2.181078999999999,0.542454,33.16974900151256,38.0
mono_TP53wt,20260909,10.0,1,360.0,0.25,IDHmut_TP53wt,102,4,-0.5328970978632538,-0.18889143499561944,60.83554273533907,22.221290940983696
mono_TP53wt,20260909,10.0,2,720.0,0.5,IDHmut_TP53wt,105,3,-1.53053827848161,0.2518328879112621,63.132626587349755,21.989988706643196
mono_TP53wt,20260909,10.0,3,1080.0,0.75,IDHmut_TP53wt,108,5,-0.6286161914968234,0.7675482030519033,64.57198382109829,22.2085107246572
mono_TP53wt,20260909,10.0,4,1440.0,1.0,IDHmut_TP53wt,116,1,-0.5864482097413167,2.2286244055338673,66.83059547044215,21.777478112111485
mono_TP53wt,20260909,10.0,5,1800.0,1.25,IDHmut_TP53wt,116,5,-0.8368706651441321,1.3920347268312923,68.59680045040952,21.68152815139498
mono_TP53wt,20260909,10.0,6,2160.0,1.5,IDHmut_TP53wt,119,7,-0.006402014140402948,1.9200501230621505,69.63072933877261,21.57285494163998
mono_TP53wt,20260909,10.0,7,2520.0,1.75,IDHmut_TP53wt,124,1,0.11622666232095326,2.927691599768851,70.38958121772768,21.203851332747426
mono_TP53wt,20260909,10.0,8,2880.0,2.0,IDHmut_TP53wt,119,6,0.39193895417963026,2.7110980759620076,71.32998153047915,21.328764472898808
mono_TP53wt,20260909,10.0,9,3240.0,2.25,IDHmut_TP53wt,120,7,-0.09346012185158396,2.242561920002569,71.45331001593846,21.869848988245128
mono_TP53wt,20260909,10.0,10,3600.0,2.5,IDHmut_TP53wt,122,4,-1.901307902818739,2.171431886089717,72.42195420043727,21.18841403455395
mono_TP53wt,20260909,10.0,11,3960.0,2.75,IDHmut_TP53wt,125,8,-1.7745061297128926,3.0690359215851957,71.91821917060342,21.61675459965968
mono_TP53wt,20260909,10.0,12,4320.0,3.0,IDHmut_TP53wt,132,3,-2.04270362802133,3.769518207112284,73.01551785734513,21.57698857676547
mono_TP53wt,20260909,10.0,13,4680.0,3.25,IDHmut_TP53wt,137,5,0.8062579457488739,4.479325232060409,75.71043221426709,21.00392219886173
mono_TP53wt,20260909,10.0,14,5040.0,3.5,IDHmut_TP53wt,145,5,-1.298577700553567,5.269450377998522,76.57727234557234,20.605388402615233
mono_TP53wt,20260909,10.0,15,5400.0,3.75,IDHmut_TP53wt,152,4,-1.0965900807895812,5.268361822945415,77.38377260125506,20.09241721571528
mono_TP53wt,20260909,10.0,16,5760.0,4.0,IDHmut_TP53wt,158,3,-1.0699225561662644,6.65830467925348,78.98534022681602,19.886861370311433
mono_TP53wt,20260909,10.0,17,6120.0,4.25,IDHmut_TP53wt,165,5,-2.8339077055843145,4.250954564936425,80.26245224187468,19.2430559167875
mono_TP53wt,20260909,10.0,18,6480.0,4.5,IDHmut_TP53wt,174,4,-1.8567920600698187,4.959161534738003,81.63731798215677,19.22250283095768
mono_TP53wt,20260909,10.0,19,6840.0,4.75,IDHmut_TP53wt,173,7,-2.516779917133304,4.7754002867809415,83.27444575576757,19.467231479506818
mono_TP53wt,20260909,10.0,20,7200.0,5.0,IDHmut_TP53wt,176,9,-2.164863055447432,6.189642554748283,83.86584684550473,19.038878134357216
mono_TP53wt,20260909,10.0,21,7560.0,5.25,IDHmut_TP53wt,180,9,-1.2465568097532784,5.63850389114794,84.80043051067419,18.817010834902277
mono_TP53wt,20260909,10.0,22,7920.0,5.5,IDHmut_TP53wt,190,2,-2.5881050482490764,6.393732435233287,85.61027654154286,18.46017532439686
mono_TP53wt,20260910,10.0,0,0.0,0.0,IDHmut_TP53wt,100,0,0.8678950000000003,-2.508281,35.333315797448364,38.0
mono_TP53wt,20260910,10.0,1,360.0,0.25,IDHmut_TP53wt,98,7,-0.7668529741368232,-0.6832489250224109,60.66735404813249,22.691905837162818
mono_TP53wt,20260910,10.0,2,720.0,0.5,IDHmut_TP53wt,101,3,-0.5744378813778878,-0.1811224495679551,62.046226316923146,22.269437119091418
mono_TP53wt,20260910,10.0,3,1080.0,0.75,IDHmut_TP53wt,108,3,0.4135913214345066,0.7198073621912008,63.04009704908853,22.367623149231335
mono_TP53wt,20260910,10.0,4,1440.0,1.0,IDHmut_TP53wt,111,2,0.45488792875429396,-0.07179048413908176,65.20313829535576,21.71745378517313
mono_TP53wt,20260910,10.0,5,1800.0,1.25,IDHmut_TP53wt,117,4,1.0348772669705417,-3.0632310753236256,66.52670657115294,21.420147640114006
mono_TP53wt,20260910,10.0,6,2160.0,1.5,IDHmut_TP53wt,116,6,-0.6058712466426212,-2.872352653008872,68.05817482532177,21.345601437277956
mono_TP53wt,20260910,10.0,7,2520.0,1.75,IDHmut_TP53wt,119,5,-1.2836176968317436,-4.852778335972053,69.52798681426815,21.424204989056665
mono_TP53wt,20260910,10.0,8,2880.0,2.0,IDHmut_TP53wt,123,6,-1.0267697949052015,-4.311076963770835,70.07096741165958,21.40459035799555
mono_TP53wt,20260910,10.0,9,3240.0,2.25,IDHmut_TP53wt,130,4,0.303994663705616,-3.9850072297328727,71.16390430959092,21.115045428465198
mono_TP53wt,20260910,10.0,10,3600.0,2.5,IDHmut_TP53wt,133,3,0.03878081715901169,-4.362063729198844,72.47959552726554,20.908589647728437
mono_TP53wt,20260910,10.0,11,3960.0,2.75,IDHmut_TP53wt,138,2,1.272234117537645,-4.735472735779429,73.97627980280217,20.622070895163237
mono_TP53wt,20260910,10.0,12,4320.0,3.0,IDHmut_TP53wt,148,4,1.7332791062977542,-3.8670598943489227,75.48332861735958,20.36727477266994
mono_TP53wt,20260910,10.0,13,4680.0,3.25,IDHmut_TP53wt,147,6,4.152051259936639,-4.1379118372575405,75.92738352332604,20.01738732608072
mono_TP53wt,20260910,10.0,14,5040.0,3.5,IDHmut_TP53wt,155,4,3.7862871441223125,-4.846491774818182,76.71677888902308,19.76551919547537
mono_TP53wt,20260910,10.0,15,5400.0,3.75,IDHmut_TP53wt,161,5,2.712847472521718,-6.6592115983791365,77.53860464774118,19.85155395170231
mono_TP53wt,20260910,10.0,16,5760.0,4.0,IDHmut_TP53wt,167,4,3.3626846294307353,-8.934329209065162,80.01267292014485,19.331350682796625
mono_TP53wt,20260910,10.0,17,6120.0,4.25,IDHmut_TP53wt,170,5,2.9662536979085177,-9.82718603378232,80.962890560471,19.073078192930744
mono_TP53wt,20260910,10.0,18,6480.0,4.5,IDHmut_TP53wt,176,4,3.521212349373102,-8.98694512881587,82.16725151589516,19.177104754118936
mono_TP53wt,20260910,10.0,19,6840.0,4.75,IDHmut_TP53wt,182,6,3.150604701452312,-5.0329150260813496,84.13446638298127,18.946287054497052
mono_TP53wt,20260910,10.0,20,7200.0,5.0,IDHmut_TP53wt,197,3,3.0209100945184897,-3.691496164257709,86.71473023894578,18.33043414680799
mono_TP53wt,20260910,10.0,21,7560.0,5.25,IDHmut_TP53wt,205,4,4.151864568074586,-3.2773406007913737,88.4649392614569,17.8069938711013
mono_TP53wt,20260910,10.0,22,7920.0,5.5,IDHmut_TP53wt,213,2,4.368316208800941,-3.2072892793770764,89.92123851736808,17.652935730268844
mono_TP53wt,20260911,10.0,0,0.0,0.0,IDHmut_TP53wt,100,0,-1.7830840000000003,-3.5222959999999994,34.976012304010986,38.0
mono_TP53wt,20260911,10.0,1,360.0,0.25,IDHmut_TP53wt,102,2,-1.8642402821009318,-4.0772628175474965,61.09329584305307,22.22773977728224
mono_TP53wt,20260911,10.0,2,720.0,0.5,IDHmut_TP53wt,105,2,-3.1145375741871524,-4.047231278435083,62.84471155611136,21.841440454800324
mono_TP53wt,20260911,10.0,3,1080.0,0.75,IDHmut_TP53wt,111,1,-1.8940810350649244,-3.5220563815701356,64.2019770067311,21.627472856297132
mono_TP53wt,20260911,10.0,4,1440.0,1.0,IDHmut_TP53wt,114,2,-3.185569019923358,-2.844288567196779,65.76354575574966,21.498436060198674
mono_TP53wt,20260911,10.0,5,1800.0,1.25,IDHmut_TP53wt,114,5,-1.4200130865956375,-3.015844437975235,67.80345806209112,21.99725760448883
mono_TP53wt,20260911,10.0,6,2160.0,1.5,IDHmut_TP53wt,119,3,-1.7800039747826093,-1.9912916182464084,69.37874936040974,22.062785768090468
mono_TP53wt,20260911,10.0,7,2520.0,1.75,IDHmut_TP53wt,122,3,-1.4540563677344438,-1.1123870115013903,70.39246207749886,22.021039904773627
mono_TP53wt,20260911,10.0,8,2880.0,2.0,IDHmut_TP53wt,123,5,-2.9025656411027163,-3.285523516512152,71.50630712128002,21.301607702684557
mono_TP53wt,20260911,10.0,9,3240.0,2.25,IDHmut_TP53wt,127,4,-3.3307539139694957,-3.0412524488162824,72.36278778395085,21.160055546103315
mono_TP53wt,20260911,10.0,10,3600.0,2.5,IDHmut_TP53wt,130,2,-4.706210306037941,-1.7960281332442347,73.29636932763738,20.714708861570323
mono_TP53wt,20260911,10.0,11,3960.0,2.75,IDHmut_TP53wt,132,4,-4.576880237458492,-1.14880610456281,74.39948553327257,20.625866813565157
mono_TP53wt,20260911,10.0,12,4320.0,3.0,IDHmut_TP53wt,135,2,-6.128012743484801,-0.6163963016735784,75.1222382761287,20.79337395577113
mono_TP53wt,20260911,10.0,13,4680.0,3.25,IDHmut_TP53wt,138,4,-6.3786931930855495,-0.7443111297129178,75.81870612031328,20.70432614006977
mono_TP53wt,20260911,10.0,14,5040.0,3.5,IDHmut_TP53wt,142,5,-5.29409482521049,-0.36851697455874566,77.02516232530779,20.78323386306777
mono_TP53wt,20260911,10.0,15,5400.0,3.75,IDHmut_TP53wt,152,4,-3.568490696091254,-0.9881310031617528,78.7695692843126,20.0559076333473
mono_TP53wt,20260911,10.0,16,5760.0,4.0,IDHmut_TP53wt,154,4,-4.510784985747145,-0.8216842417455514,79.90123464755156,20.293914249019696
mono_TP53wt,20260911,10.0,17,6120.0,4.25,IDHmut_TP53wt,157,5,-6.196241454410857,1.2153720180972052,81.62639220235717,19.619364555410765
mono_TP53wt,20260911,10.0,18,6480.0,4.5,IDHmut_TP53wt,160,7,-5.59929142276374,0.13230687792932674,83.43624851499351,19.676590616504587
mono_TP53wt,20260911,10.0,19,6840.0,4.75,IDHmut_TP53wt,160,9,-3.9160689565549505,2.5971337389884646,83.60656812035101,19.821436070961415
mono_TP53wt,20260911,10.0,20,7200.0,5.0,IDHmut_TP53wt,165,7,-5.787228707073997,3.7716438214908603,83.5747968269582,19.857128608117435
mono_TP53wt,20260911,10.0,21,7560.0,5.25,IDHmut_TP53wt,172,3,-6.798054432419471,3.5812974217509845,84.21580112075266,19.522645963869213
mono_TP53wt,20260911,10.0,22,7920.0,5.5,IDHmut_TP53wt,175,6,-6.555307591343408,3.140607822881839,86.01799713330027,19.02531752648829
mono_TP53wt,20260912,10.0,0,0.0,0.0,IDHmut_TP53wt,100,0,5.087858000000001,1.9674079999999996,34.501635210287816,38.0
mono_TP53wt,20260912,10.0,1,360.0,0.25,IDHmut_TP53wt,99,2,5.67464468938824,2.3012364858144374,60.713679624237194,22.17309351812739
mono_TP53wt,20260912,10.0,2,720.0,0.5,IDHmut_TP53wt,103,5,4.7194731671762336,1.8871014862919842,61.4664176539119,22.463136932409657
mono_TP53wt,20260912,10.0,3,1080.0,0.75,IDHmut_TP53wt,107,3,5.790534677315435,2.356071194093989,63.878356580629394,22.095174429411177
mono_TP53wt,20260912,10.0,4,1440.0,1.0,IDHmut_TP53wt,114,1,5.37691091390273,1.8825451476276143,65.96621540558233,21.839800344661192
mono_TP53wt,20260912,10.0,5,1800.0,1.25,IDHmut_TP53wt,114,2,4.758805379171325,0.4822434738715091,67.2630151309315,22.059603556186783
mono_TP53wt,20260912,10.0,6,2160.0,1.5,IDHmut_TP53wt,119,5,4.496717998058246,0.6009821763776384,68.34227253010425,21.249349835312273
mono_TP53wt,20260912,10.0,7,2520.0,1.75,IDHmut_TP53wt,124,1,3.5761858638838113,0.8023786108819446,69.82323850348227,21.011055585586867
mono_TP53wt,20260912,10.0,8,2880.0,2.0,IDHmut_TP53wt,127,3,2.910020778958816,2.7808538452009843,70.99842078879442,20.829603914304045
mono_TP53wt,20260912,10.0,9,3240.0,2.25,IDHmut_TP53wt,127,4,3.4819601618204254,4.1352969188234106,71.14338889250682,20.833329581277752
mono_TP53wt,20260912,10.0,10,3600.0,2.5,IDHmut_TP53wt,133,5,4.483351671739957,2.6132031885371503,72.58472554876916,20.70302666986739
mono_TP53wt,20260912,10.0,11,3960.0,2.75,IDHmut_TP53wt,140,2,3.6870859046904805,2.4780682099655698,74.11523926485886,20.39608323454243
mono_TP53wt,20260912,10.0,12,4320.0,3.0,IDHmut_TP53wt,145,3,1.3407014303397797,3.000191044794777,75.49657931438723,20.138167259856928
mono_TP53wt,20260912,10.0,13,4680.0,3.25,IDHmut_TP53wt,154,8,-2.0027487927481737,3.070808574150941,77.32640381690263,19.90264250369568
mono_TP53wt,20260912,10.0,14,5040.0,3.5,IDHmut_TP53wt,158,6,-0.5540524962645693,1.0695686582812551,79.21462918860679,19.596392221021905
mono_TP53wt,20260912,10.0,15,5400.0,3.75,IDHmut_TP53wt,160,5,-1.1609941527694931,-0.18089864680955509,80.46422658135734,19.516077428034716
mono_TP53wt,20260912,10.0,16,5760.0,4.0,IDHmut_TP53wt,160,5,-1.8885190707781447,-0.7986758517643671,80.97819266741831,19.666518866829307
mono_TP53wt,20260912,10.0,17,6120.0,4.25,IDHmut_TP53wt,165,6,-4.640380884629933,-0.6605780165987278,81.17551359510826,19.986823152478053
mono_TP53wt,20260912,10.0,18,6480.0,4.5,IDHmut_TP53wt,171,4,-2.633041227455792,-0.6942446724115975,81.59844137249225,19.522005909056944
mono_TP53wt,20260912,10.0,19,6840.0,4.75,IDHmut_TP53wt,177,6,-3.819887299530901,-1.9821248831364657,82.69361509082555,19.311873863082308
mono_TP53wt,20260912,10.0,20,7200.0,5.0,IDHmut_TP53wt,182,3,-4.924339322578898,-3.3430215317891863,83.99313131951821,18.979452844262553
mono_TP53wt,20260912,10.0,21,7560.0,5.25,IDHmut_TP53wt,184,4,-5.6376468893441185,-2.843950269846227,85.37328482078865,18.593616548023114
mono_TP53wt,20260912,10.0,22,7920.0,5.5,IDHmut_TP53wt,196,3,-5.279997568009951,-2.872351201005498,87.25777260520607,18.250896059246223
mono_TP53wt,20260913,10.0,0,0.0,0.0,IDHmut_TP53wt,100,0,1.9458390000000005,-0.5386430000000003,34.1769811791479,38.0
mono_TP53wt,20260913,10.0,1,360.0,0.25,IDHmut_TP53wt,107,1,2.855377488629329,-1.3530206033220518,61.198262912870014,22.0318738811285
mono_TP53wt,20260913,10.0,2,720.0,0.5,IDHmut_TP53wt,110,3,3.112006665498242,-0.9494800608820361,64.16709138343039,22.26541164779404
mono_TP53wt,20260913,10.0,3,1080.0,0.75,IDHmut_TP53wt,116,5,1.4017660309269169,-0.6223996652146895,66.44641720231516,21.87985476304748
mono_TP53wt,20260913,10.0,4,1440.0,1.0,IDHmut_TP53wt,119,5,0.11706377466724895,0.5660520388959965,67.72097547774345,21.46000664939207
mono_TP53wt,20260913,10.0,5,1800.0,1.25,IDHmut_TP53wt,125,4,0.7892986247327165,0.01784272627389811,68.745404924687,21.25545721092427
mono_TP53wt,20260913,10.0,6,2160.0,1.5,IDHmut_TP53wt,137,1,0.6332254665221362,-0.42079963553866545,70.91268040280548,20.636034083722492
mono_TP53wt,20260913,10.0,7,2520.0,1.75,IDHmut_TP53wt,138,5,0.33715277658149984,-1.7179279469150393,72.6930737228241,20.295809112572673
mono_TP53wt,20260913,10.0,8,2880.0,2.0,IDHmut_TP53wt,140,6,-1.178915066932236,-3.4439532143711467,74.10346311253657,20.485547461338605
mono_TP53wt,20260913,10.0,9,3240.0,2.25,IDHmut_TP53wt,146,3,-0.8134265871546053,-4.7442147070514675,75.67614690991884,20.41126292002307
mono_TP53wt,20260913,10.0,10,3600.0,2.5,IDHmut_TP53wt,158,4,-0.5947982282032325,-5.378233092752023,78.3456531396869,19.6674423554517
mono_TP53wt,20260913,10.0,11,3960.0,2.75,IDHmut_TP53wt,163,4,-1.6117066240645654,-5.076044085611662,80.07733738841353,19.262001046924464
mono_TP53wt,20260913,10.0,12,4320.0,3.0,IDHmut_TP53wt,167,3,-1.660478509069605,-3.7107547471440894,81.07586477739657,19.591509515751643
mono_TP53wt,20260913,10.0,13,4680.0,3.25,IDHmut_TP53wt,172,3,-0.21408648544362555,-3.1091597931719246,81.58018083659299,19.580961432536743
mono_TP53wt,20260913,10.0,14,5040.0,3.5,IDHmut_TP53wt,172,9,-0.9884859996593459,-4.262019808792443,82.81565240169913,19.15338945439257
mono_TP53wt,20260913,10.0,15,5400.0,3.75,IDHmut_TP53wt,175,8,-1.141496129102108,-5.395799275909535,84.0331677087303,19.054959685702364
mono_TP53wt,20260913,10.0,16,5760.0,4.0,IDHmut_TP53wt,179,7,-2.7170443607026296,-4.606266261877909,84.59950464129288,18.4917380639317
mono_TP53wt,20260913,10.0,17,6120.0,4.25,IDHmut_TP53wt,184,5,-0.2936531422441174,-5.054918434584326,84.66659805521705,18.63861346736471
mono_TP53wt,20260913,10.0,18,6480.0,4.5,IDHmut_TP53wt,189,6,1.3824996094302364,-4.5658449085045705,85.82693592208896,18.654462557117526
mono_TP53wt,20260913,10.0,19,6840.0,4.75,IDHmut_TP53wt,192,6,1.453973806118236,-4.473404332895892,87.52893494141894,18.504662257395566
mono_TP53wt,20260913,10.0,20,7200.0,5.0,IDHmut_TP53wt,196,9,1.221253757032333,-5.3440282765884275,88.4541630921596,18.437438345475364
mono_TP53wt,20260913,10.0,21,7560.0,5.25,IDHmut_TP53wt,201,6,1.6984810068839182,-7.4162736582667685,90.50718894946128,18.24868354797784
mono_TP53wt,20260913,10.0,22,7920.0,5.5,IDHmut_TP53wt,208,4,1.8981663331342857,-7.2045830584128066,91.44514615607523,17.818202248395316
mono_TP53wt,20260914,10.0,0,0.0,0.0,IDHmut_TP53wt,100,0,-1.705080000000001,-1.41421,34.64555327301182,38.0
mono_TP53wt,20260914,10.0,1,360.0,0.25,IDHmut_TP53wt,100,2,-3.0625091268218525,-1.5809369783295748,60.99230334403901,21.995350560225273
mono_TP53wt,20260914,10.0,2,720.0,0.5,IDHmut_TP53wt,102,6,-3.0750681246089027,-0.34276746990962076,62.34250878373368,22.24618862903217
mono_TP53wt,20260914,10.0,3,1080.0,0.75,IDHmut_TP53wt,112,2,-3.9112037177984655,-0.042563033411858776,64.74468975577625,22.14615000769097
mono_TP53wt,20260914,10.0,4,1440.0,1.0,IDHmut_TP53wt,112,4,-3.5396386684963743,0.3187662762667272,66.41140349401823,21.70968155639231
mono_TP53wt,20260914,10.0,5,1800.0,1.25,IDHmut_TP53wt,117,4,-2.0631860042127697,1.1089914071844502,67.73455968604537,21.748515564453875
mono_TP53wt,20260914,10.0,6,2160.0,1.5,IDHmut_TP53wt,120,4,-2.3973402707346083,1.185811382123354,68.4049164463923,21.444711295454614
mono_TP53wt,20260914,10.0,7,2520.0,1.75,IDHmut_TP53wt,122,10,-2.4079433923030757,-0.25690340075805074,69.42422757463726,21.5505820185797
mono_TP53wt,20260914,10.0,8,2880.0,2.0,IDHmut_TP53wt,125,4,-3.195541593063015,0.34755935217562206,71.03991478104459,20.86691004264111
mono_TP53wt,20260914,10.0,9,3240.0,2.25,IDHmut_TP53wt,125,4,-1.3512799972719256,0.9897184571175871,72.2223636228341,21.243151466800075
mono_TP53wt,20260914,10.0,10,3600.0,2.5,IDHmut_TP53wt,129,3,-1.5367251365399417,0.8684120368353947,72.62758291482288,20.930834219930123
mono_TP53wt,20260914,10.0,11,3960.0,2.75,IDHmut_TP53wt,133,3,-1.052456064997821,0.36540834122037097,73.18069052724178,20.817049894252136
mono_TP53wt,20260914,10.0,12,4320.0,3.0,IDHmut_TP53wt,137,4,0.4194826138712765,0.767637544532981,74.25688129374562,21.01601138577244
mono_TP53wt,20260914,10.0,13,4680.0,3.25,IDHmut_TP53wt,138,2,-0.4749755684851514,1.3497871155544887,74.9156685041051,20.532042776253444
mono_TP53wt,20260914,10.0,14,5040.0,3.5,IDHmut_TP53wt,155,3,0.1245055155294421,1.1501118517602282,77.54656974308631,20.643523536956646
mono_TP53wt,20260914,10.0,15,5400.0,3.75,IDHmut_TP53wt,159,3,-0.23843583964668155,1.0533876736937726,79.76571821651754,19.797691171711723
mono_TP53wt,20260914,10.0,16,5760.0,4.0,IDHmut_TP53wt,167,3,-0.48337369947139625,-0.67123429915987,80.69111078654113,19.277410895576853
mono_TP53wt,20260914,10.0,17,6120.0,4.25,IDHmut_TP53wt,174,4,-0.37250920020071154,-0.8225003260677178,82.05888867361672,18.89315415139311
mono_TP53wt,20260914,10.0,18,6480.0,4.5,IDHmut_TP53wt,177,5,-0.3966038696089613,-0.6582302052460351,82.59049349609582,18.972943935705448
mono_TP53wt,20260914,10.0,19,6840.0,4.75,IDHmut_TP53wt,182,6,0.5860575115592891,-2.0030520009794253,85.73706286482296,18.808605207751743
mono_TP53wt,20260914,10.0,20,7200.0,5.0,IDHmut_TP53wt,193,7,-0.2623428643155645,-2.4122714025035195,87.7602241481944,18.611698955609228
mono_TP53wt,20260914,10.0,21,7560.0,5.25,IDHmut_TP53wt,202,6,1.5848123472623328,-1.9708650881692058,89.32384346967034,18.2390049237213
mono_TP53wt,20260914,10.0,22,7920.0,5.5,IDHmut_TP53wt,214,4,0.010128516630735997,0.09949247231004783,90.89840693166789,18.06491447720681
mono_TP53wt,20260915,10.0,0,0.0,0.0,IDHmut_TP53wt,100,0,-1.561616,1.393884,35.16574942903233,38.0
mono_TP53wt,20260915,10.0,1,360.0,0.25,IDHmut_TP53wt,104,4,-2.1366562104376285,1.1392402287290233,61.30843782049541,22.185534903137807
mono_TP53wt,20260915,10.0,2,720.0,0.5,IDHmut_TP53wt,103,7,-2.987799789930784,2.869132215948062,63.4481814432261,22.14136615827203
mono_TP53wt,20260915,10.0,3,1080.0,0.75,IDHmut_TP53wt,109,3,-3.165185745137903,4.088056896612223,64.50332726826363,21.860648172836036
mono_TP53wt,20260915,10.0,4,1440.0,1.0,IDHmut_TP53wt,115,1,-2.727246840728422,5.266781832721469,66.11883701274253,21.659690855881504
mono_TP53wt,20260915,10.0,5,1800.0,1.25,IDHmut_TP53wt,122,2,-2.263163235713052,4.12285610087325,68.49617591728843,21.672527264270762
mono_TP53wt,20260915,10.0,6,2160.0,1.5,IDHmut_TP53wt,129,2,-0.13445089985405537,3.7656582162075702,70.80403465726928,21.228891565217737
mono_TP53wt,20260915,10.0,7,2520.0,1.75,IDHmut_TP53wt,131,3,-1.2237433104101774,1.6057580068471826,72.5691971502871,20.69102616556452
mono_TP53wt,20260915,10.0,8,2880.0,2.0,IDHmut_TP53wt,136,4,-3.4416038139196585,0.5304894534376459,73.5113101462989,20.700437875088486
mono_TP53wt,20260915,10.0,9,3240.0,2.25,IDHmut_TP53wt,143,3,-2.793230926189953,0.8977480963692351,75.06121501053384,20.453666720897715
mono_TP53wt,20260915,10.0,10,3600.0,2.5,IDHmut_TP53wt,151,4,-0.9535176306304557,0.37330251650882984,76.94621450823547,19.999756132261695
mono_TP53wt,20260915,10.0,11,3960.0,2.75,IDHmut_TP53wt,155,5,-2.3392455422066485,-1.3256654604986162,78.69173272061937,19.672244849671433
mono_TP53wt,20260915,10.0,12,4320.0,3.0,IDHmut_TP53wt,158,7,-2.504404255524449,1.2177847579491128,80.5385723499966,20.350229140804355
mono_TP53wt,20260915,10.0,13,4680.0,3.25,IDHmut_TP53wt,163,6,-0.9782357104071225,2.3252467078283092,81.60980777827878,19.746655978647148
mono_TP53wt,20260915,10.0,14,5040.0,3.5,IDHmut_TP53wt,164,4,-0.17927874195630233,2.159069387272522,81.7079208787611,19.259395947452553
mono_TP53wt,20260915,10.0,15,5400.0,3.75,IDHmut_TP53wt,174,4,-0.5968434560436723,2.290108128379481,83.2032146412871,18.956794936601536
mono_TP53wt,20260915,10.0,16,5760.0,4.0,IDHmut_TP53wt,185,6,1.5912412489292007,3.011700749250454,85.25748124617819,19.231767008861002
mono_TP53wt,20260915,10.0,17,6120.0,4.25,IDHmut_TP53wt,192,4,0.04338637127866848,4.290034740938629,87.54791011815273,18.539976201717547
mono_TP53wt,20260915,10.0,18,6480.0,4.5,IDHmut_TP53wt,202,6,0.7204497217088627,3.5826269070367838,89.46158746854167,18.339248332818872
mono_TP53wt,20260915,10.0,19,6840.0,4.75,IDHmut_TP53wt,206,10,0.7757752917058932,3.4404799763478917,91.03667560894176,18.10138803319372
mono_TP53wt,20260915,10.0,20,7200.0,5.0,IDHmut_TP53wt,215,6,0.02294374965873182,3.569542660697641,92.5488647955132,17.636116079353076
mono_TP53wt,20260915,10.0,21,7560.0,5.25,IDHmut_TP53wt,221,1,-0.044964399577608366,2.2346185625754384,93.56828317872669,17.267905367555905
mono_TP53wt,20260915,10.0,22,7920.0,5.5,IDHmut_TP53wt,232,4,-0.07597676486888165,2.7113837515311503,94.97542421534406,17.444051347644407
mono_TP53wt,20260916,10.0,0,0.0,0.0,IDHmut_TP53wt,100,0,-1.0162800000000005,-2.0574890000000003,35.72452967036766,38.0
mono_TP53wt,20260916,10.0,1,360.0,0.25,IDHmut_TP53wt,107,3,-2.4274176219851014,-0.11950752970186834,63.4001173395016,21.93968235498756
mono_TP53wt,20260916,10.0,2,720.0,0.5,IDHmut_TP53wt,108,5,-3.805123665600161,-1.2901081319490817,64.98690970668551,21.790821474683437
mono_TP53wt,20260916,10.0,3,1080.0,0.75,IDHmut_TP53wt,114,3,-2.8513062616984914,-0.5414661577566627,65.02307267425938,21.772969286487555
mono_TP53wt,20260916,10.0,4,1440.0,1.0,IDHmut_TP53wt,118,2,-3.032305967602789,-1.6836588121264822,67.60757312094555,22.0046770582467
mono_TP53wt,20260916,10.0,5,1800.0,1.25,IDHmut_TP53wt,120,4,-4.870229904392655,-2.585903683271553,68.19156949925691,21.166397417418583
mono_TP53wt,20260916,10.0,6,2160.0,1.5,IDHmut_TP53wt,126,5,-3.168624566043191,-1.8573389509902791,68.52568071280348,21.473823281115198
mono_TP53wt,20260916,10.0,7,2520.0,1.75,IDHmut_TP53wt,133,1,-4.3266767733686455,-2.616418395107112,70.69649549565752,20.622062223322224
mono_TP53wt,20260916,10.0,8,2880.0,2.0,IDHmut_TP53wt,140,3,-5.661765574169098,-3.727069932533372,72.58439992990337,21.036400653159816
mono_TP53wt,20260916,10.0,9,3240.0,2.25,IDHmut_TP53wt,148,3,-4.593753264439294,-2.2292586997873545,74.93138842033457,20.27639678840474
mono_TP53wt,20260916,10.0,10,3600.0,2.5,IDHmut_TP53wt,156,1,-4.266022158824889,-2.1996953244324873,77.33617390049385,20.02765185930081
mono_TP53wt,20260916,10.0,11,3960.0,2.75,IDHmut_TP53wt,162,5,-5.536545012618501,-0.38547372074905323,79.73976368518963,19.760604253483333
mono_TP53wt,20260916,10.0,12,4320.0,3.0,IDHmut_TP53wt,166,4,-7.150209308919965,0.2835406101855466,80.68023260811859,19.20070970972626
mono_TP53wt,20260916,10.0,13,4680.0,3.25,IDHmut_TP53wt,172,4,-7.053616555961843,-0.21647883418058533,81.23223048604086,19.50869185114338
mono_TP53wt,20260916,10.0,14,5040.0,3.5,IDHmut_TP53wt,182,2,-7.986168086585521,-0.13453877389575647,82.45350987097524,18.896261660574382
mono_TP53wt,20260916,10.0,15,5400.0,3.75,IDHmut_TP53wt,188,9,-10.847970897088917,0.9028752978962649,83.68136518233791,18.536051337741725
mono_TP53wt,20260916,10.0,16,5760.0,4.0,IDHmut_TP53wt,190,7,-9.887411818019446,0.6377261629576828,85.44837430690055,18.197198529864295
mono_TP53wt,20260916,10.0,17,6120.0,4.25,IDHmut_TP53wt,197,4,-10.435114187670347,-1.3873716138261998,87.33021113884313,18.22898430371413
mono_TP53wt,20260916,10.0,18,6480.0,4.5,IDHmut_TP53wt,212,2,-11.692512146536652,0.8568651218531951,89.22892033674985,17.912028419200073
mono_TP53wt,20260916,10.0,19,6840.0,4.75,IDHmut_TP53wt,219,4,-12.239085076391124,1.5499745568667929,91.29933121882173,17.99493574714438
mono_TP53wt,20260916,10.0,20,7200.0,5.0,IDHmut_TP53wt,231,5,-11.782638542634315,2.16207501069583,92.50542165325948,17.318762480681237
mono_TP53wt,20260916,10.0,21,7560.0,5.25,IDHmut_TP53wt,240,5,-11.991909332673258,1.336783820961783,95.32901774242572,16.98422309665718
mono_TP53wt,20260916,10.0,22,7920.0,5.5,IDHmut_TP53wt,248,8,-13.475783574475578,1.4047461998127897,97.05070371868155,16.455883410033007
